#
# TABLE STRUCTURE FOR: media
#

DROP TABLE IF EXISTS `media`;

CREATE TABLE `media` (
  `id` bigint(20) unsigned NOT NULL AUTO_INCREMENT,
  `media_type_id` bigint(20) unsigned DEFAULT NULL,
  `user_id` bigint(20) unsigned NOT NULL,
  `body` text COLLATE utf8mb4_unicode_ci DEFAULT NULL,
  `filename` varchar(255) COLLATE utf8mb4_unicode_ci DEFAULT NULL,
  `size` int(11) DEFAULT NULL,
  `metadata` longtext CHARACTER SET utf8mb4 COLLATE utf8mb4_bin DEFAULT NULL CHECK (json_valid(`metadata`)),
  `created_at` datetime DEFAULT current_timestamp(),
  `updated_at` datetime DEFAULT current_timestamp() ON UPDATE current_timestamp(),
  PRIMARY KEY (`id`),
  KEY `user_id` (`user_id`),
  KEY `media_type_id` (`media_type_id`),
  CONSTRAINT `media_ibfk_1` FOREIGN KEY (`user_id`) REFERENCES `users` (`id`) ON DELETE CASCADE ON UPDATE CASCADE,
  CONSTRAINT `media_ibfk_2` FOREIGN KEY (`media_type_id`) REFERENCES `media_types` (`id`) ON DELETE SET NULL ON UPDATE CASCADE
) ENGINE=InnoDB AUTO_INCREMENT=101 DEFAULT CHARSET=utf8mb4 COLLATE=utf8mb4_unicode_ci;

INSERT INTO `media` (`id`, `media_type_id`, `user_id`, `body`, `filename`, `size`, `metadata`, `created_at`, `updated_at`) VALUES ('1', '4', '70', 'Magnam error officia dignissimos omnis reprehenderit sunt autem. Expedita sapiente aut id expedita. Perferendis provident et exercitationem quibusdam adipisci tenetur.', 'Ratione nisi a ea libero voluptatem repellendus. Doloribus commodi est aut odio enim aperiam placeat. Iste voluptas libero unde quis et qui.', 495, NULL, '1997-08-02 00:51:35', '2012-01-03 16:58:10');
INSERT INTO `media` (`id`, `media_type_id`, `user_id`, `body`, `filename`, `size`, `metadata`, `created_at`, `updated_at`) VALUES ('2', '5', '57', 'Harum veritatis sed minus repudiandae quam odio. Ut officiis est deleniti esse quia eos nihil. Error adipisci corporis adipisci.', 'Omnis nam illo ut omnis. Consequatur id modi nulla sint perspiciatis. In adipisci quam sunt molestias nihil in.', 0, NULL, '2000-02-21 23:02:18', '1992-09-04 14:01:39');
INSERT INTO `media` (`id`, `media_type_id`, `user_id`, `body`, `filename`, `size`, `metadata`, `created_at`, `updated_at`) VALUES ('3', '5', '95', 'Doloremque ut sunt quibusdam dicta ut. Totam tempore error saepe eum omnis. Eius quaerat fugiat et debitis alias. Et aut non quam vitae rerum. Et consequuntur ad numquam molestias aut.', 'Nobis ducimus itaque expedita enim. Dolor laboriosam mollitia eos modi alias alias. Saepe temporibus autem doloremque sed vero recusandae dolorum. Nesciunt explicabo beatae eum earum.', 24, NULL, '1971-06-01 19:01:53', '1974-02-22 00:30:45');
INSERT INTO `media` (`id`, `media_type_id`, `user_id`, `body`, `filename`, `size`, `metadata`, `created_at`, `updated_at`) VALUES ('4', '10', '83', 'Enim aliquid aut id necessitatibus consequuntur dolorem ea. Consequatur eos voluptatibus explicabo aut. Eum dolores itaque eaque non.', 'Provident officia quam et aliquid animi numquam odit. Consectetur voluptatem ratione officiis dolores doloremque quia delectus dignissimos. Veniam minus iusto expedita sapiente quasi.', 1871297, NULL, '2021-12-24 08:30:57', '1983-12-04 16:00:14');
INSERT INTO `media` (`id`, `media_type_id`, `user_id`, `body`, `filename`, `size`, `metadata`, `created_at`, `updated_at`) VALUES ('5', '10', '6', 'Hic quia id eligendi. Atque incidunt et laborum excepturi.', 'Voluptatem dolorem voluptas minima ex et beatae et. Pariatur ad sint est deserunt tenetur fuga et. Ipsum nihil est asperiores minima neque consequatur.', 44722, NULL, '1975-05-12 14:28:57', '2002-02-04 15:05:35');
INSERT INTO `media` (`id`, `media_type_id`, `user_id`, `body`, `filename`, `size`, `metadata`, `created_at`, `updated_at`) VALUES ('6', '6', '19', 'Praesentium ut ut id aut et. Facilis quia facilis aliquid deleniti ipsa. Molestias dolor quia sed id voluptas ipsam.', 'Praesentium qui accusamus harum sequi ut quis. Cum quam repellendus minus et placeat ea. Perspiciatis quia quam explicabo voluptatem cum mollitia.', 1, NULL, '2012-08-03 19:31:47', '1982-03-17 11:11:21');
INSERT INTO `media` (`id`, `media_type_id`, `user_id`, `body`, `filename`, `size`, `metadata`, `created_at`, `updated_at`) VALUES ('7', '8', '17', 'Inventore dolore ipsa voluptates ea similique adipisci. Minus accusantium molestiae fugiat eveniet possimus. Dolorem amet recusandae non ipsum aut sit. Sunt vero sit inventore occaecati.', 'Dignissimos expedita nemo nemo a at ut. Officiis quis aperiam molestiae qui. Eum ut sapiente iusto sit qui unde temporibus consequatur. Est earum qui atque deserunt autem.', 779, NULL, '2022-06-22 23:52:42', '2010-05-06 10:19:18');
INSERT INTO `media` (`id`, `media_type_id`, `user_id`, `body`, `filename`, `size`, `metadata`, `created_at`, `updated_at`) VALUES ('8', '4', '67', 'Illo aut rerum odio officia voluptas. Ipsa eligendi voluptatem molestias facere recusandae voluptatem eius. Autem rerum facilis aliquid voluptas eum. Voluptas cupiditate labore aut et et vel dicta.', 'Et eius quo eos et. Excepturi sapiente veritatis illo provident. Reprehenderit dicta incidunt asperiores perspiciatis iure sit velit. Ratione aut est quia ad sapiente.', 68243, NULL, '2016-02-26 01:52:31', '2005-01-24 13:41:27');
INSERT INTO `media` (`id`, `media_type_id`, `user_id`, `body`, `filename`, `size`, `metadata`, `created_at`, `updated_at`) VALUES ('9', '3', '10', 'Et omnis sed eveniet libero eveniet deserunt dolores. Officia blanditiis quo et doloremque.', 'Rerum quo optio est sit mollitia. Quo natus ex qui laudantium. Aut maiores odit illum ea aspernatur quam commodi.', 242, NULL, '1973-08-30 06:34:11', '1990-10-16 04:27:26');
INSERT INTO `media` (`id`, `media_type_id`, `user_id`, `body`, `filename`, `size`, `metadata`, `created_at`, `updated_at`) VALUES ('10', '6', '28', 'Exercitationem non cumque nihil quisquam. Asperiores enim neque veniam et ex quas. Sequi quo non ut dolores a. Nobis nisi consequatur eos atque illo.', 'Asperiores nihil minus incidunt aperiam vitae. Excepturi non totam sit. Illo consequatur expedita neque qui. Et aut aspernatur ab explicabo numquam.', 44, NULL, '2008-12-23 00:35:19', '1970-08-07 05:01:40');
INSERT INTO `media` (`id`, `media_type_id`, `user_id`, `body`, `filename`, `size`, `metadata`, `created_at`, `updated_at`) VALUES ('11', '6', '7', 'Repellendus totam mollitia quas totam magnam. Voluptas quis optio est minima atque. Aut eveniet dicta sint sit mollitia unde illum. Et quaerat ut amet totam quae dolor. Sed dicta explicabo quisquam facere qui enim voluptatem.', 'Blanditiis quia rem alias consequatur quo. Similique commodi dolorem tempore quisquam nam omnis sequi. Et accusamus nisi cum.', 589, NULL, '2000-11-15 03:25:57', '1979-04-07 15:21:57');
INSERT INTO `media` (`id`, `media_type_id`, `user_id`, `body`, `filename`, `size`, `metadata`, `created_at`, `updated_at`) VALUES ('12', '3', '14', 'Dolorem enim cum aut dolorum molestiae quia. Harum nisi aut illo. Consectetur est voluptatem quisquam odit eius fugit odio. Cumque accusantium voluptatem veritatis voluptatum. Error omnis qui voluptatem laborum facere saepe corrupti ducimus.', 'Magnam molestiae dolores corrupti qui suscipit ducimus. Molestiae corrupti quia consectetur consequuntur excepturi.', 0, NULL, '2001-04-10 10:40:20', '1998-08-02 16:43:47');
INSERT INTO `media` (`id`, `media_type_id`, `user_id`, `body`, `filename`, `size`, `metadata`, `created_at`, `updated_at`) VALUES ('13', '7', '44', 'Nisi ea quam temporibus unde. Neque ab ea quia nobis autem molestiae. Est veniam aut vel cupiditate sed molestias. Corrupti sit cupiditate porro aliquam magnam.', 'Sunt quas ullam et eos aut quidem ea. Dolor sed quae cumque delectus est eligendi. Qui repellendus in nihil quia delectus quae debitis. Voluptatem sed vitae expedita nam accusamus eos.', 0, NULL, '1980-11-30 08:35:54', '1985-05-02 23:19:50');
INSERT INTO `media` (`id`, `media_type_id`, `user_id`, `body`, `filename`, `size`, `metadata`, `created_at`, `updated_at`) VALUES ('14', '7', '84', 'Sed modi aliquam aut aut qui quis. Illo explicabo omnis sint adipisci illum. Maxime officiis rerum eius harum tenetur architecto. Nemo dolor et eveniet necessitatibus mollitia eos.', 'Quam culpa cupiditate nisi neque asperiores et esse. Repudiandae maiores ut sunt expedita et. Sit veritatis consequuntur voluptates occaecati alias culpa et.', 494, NULL, '2013-05-08 03:18:43', '2006-03-14 23:56:13');
INSERT INTO `media` (`id`, `media_type_id`, `user_id`, `body`, `filename`, `size`, `metadata`, `created_at`, `updated_at`) VALUES ('15', '2', '82', 'Voluptas commodi molestias perferendis velit impedit qui repellendus. Reprehenderit nostrum eaque est. Voluptatem sint nihil impedit velit in exercitationem at.', 'Aspernatur facere ut molestiae impedit. Dignissimos dolore quo consectetur voluptate aliquid. Repellendus rem autem et beatae nostrum enim.', 21672, NULL, '2010-12-03 04:48:37', '1984-11-16 06:59:21');
INSERT INTO `media` (`id`, `media_type_id`, `user_id`, `body`, `filename`, `size`, `metadata`, `created_at`, `updated_at`) VALUES ('16', '8', '18', 'In dolore accusamus cupiditate accusamus. Ea aspernatur rerum optio sed ullam dicta. Ipsam quas mollitia unde. Neque ducimus expedita fugit.', 'Doloremque ad ratione officiis facere. Quia consequatur velit voluptatum dignissimos ipsum deserunt. Cupiditate iste et reiciendis. Voluptas et necessitatibus quaerat eum.', 99460989, NULL, '1976-07-24 21:16:35', '1998-09-10 14:35:00');
INSERT INTO `media` (`id`, `media_type_id`, `user_id`, `body`, `filename`, `size`, `metadata`, `created_at`, `updated_at`) VALUES ('17', '1', '58', 'Aut possimus blanditiis quos quia. In animi ducimus voluptas sed. Reiciendis voluptas et quo vel.', 'Sed rerum nihil sit sed quasi et. A ea et qui iure voluptatem id laboriosam. Perspiciatis et eveniet at sit consectetur voluptas sunt.', 8, NULL, '2016-05-03 09:27:44', '2016-03-18 11:44:41');
INSERT INTO `media` (`id`, `media_type_id`, `user_id`, `body`, `filename`, `size`, `metadata`, `created_at`, `updated_at`) VALUES ('18', '1', '8', 'Consequatur et et nihil repudiandae. Expedita deserunt harum ipsum atque velit repellat commodi odio. Cupiditate ex rerum architecto sit.', 'Ad beatae laboriosam nisi ipsam. Id ipsam ipsa vitae incidunt reiciendis. Qui eius tempora nihil nulla fugiat distinctio praesentium. Quia quia voluptates et dolor.', 52, NULL, '2016-02-05 08:39:36', '1981-09-26 00:06:43');
INSERT INTO `media` (`id`, `media_type_id`, `user_id`, `body`, `filename`, `size`, `metadata`, `created_at`, `updated_at`) VALUES ('19', '1', '35', 'At dolore quibusdam dolore nisi magni est vel. Modi qui vel ut officiis. Repudiandae repellat magni corrupti aut est soluta ut. Aut omnis praesentium sit quas perferendis.', 'Rerum expedita temporibus hic pariatur nulla adipisci accusamus. Nulla earum eius aut aut. Soluta rerum quas voluptas quo vel. Sequi eius provident sunt in sed qui delectus.', 5067, NULL, '1970-01-01 06:14:27', '1977-08-13 18:14:39');
INSERT INTO `media` (`id`, `media_type_id`, `user_id`, `body`, `filename`, `size`, `metadata`, `created_at`, `updated_at`) VALUES ('20', '2', '79', 'Ab totam pariatur doloremque at. Corporis facilis quae et culpa et accusantium rerum quia. Aut dolore sit est provident delectus dolores. Et ut debitis similique autem quae voluptas.', 'Et porro fugiat est quo et. Nisi consequuntur illo aut deserunt distinctio est recusandae. Voluptatem nam ut velit enim quo suscipit eius.', 93, NULL, '2003-04-11 04:32:35', '2000-08-10 00:05:55');
INSERT INTO `media` (`id`, `media_type_id`, `user_id`, `body`, `filename`, `size`, `metadata`, `created_at`, `updated_at`) VALUES ('21', '3', '24', 'Consectetur ab dolores consequuntur incidunt. Qui sed ut non voluptas. Eos distinctio adipisci laudantium natus quisquam optio ut. Dolor sunt assumenda velit id a doloribus facere ipsam.', 'Sequi soluta quasi qui molestias aut. Ab quas odio ut adipisci rem. Sapiente reprehenderit possimus architecto corrupti qui officiis ad.', 0, NULL, '1991-02-03 01:33:56', '2004-11-04 19:03:41');
INSERT INTO `media` (`id`, `media_type_id`, `user_id`, `body`, `filename`, `size`, `metadata`, `created_at`, `updated_at`) VALUES ('22', '5', '91', 'Velit laudantium molestias voluptate ut in modi quibusdam aliquam. Id culpa distinctio omnis deserunt. Doloribus tenetur cum corporis dolore debitis. Nobis eum qui quaerat inventore eos.', 'Laboriosam odio quod saepe omnis ratione. Est incidunt harum consectetur dolorem dignissimos et. Vel dolores nihil sint voluptatem esse iste et et. Ratione ullam rem ullam molestias repudiandae.', 9034, NULL, '1997-02-08 09:22:11', '1982-10-22 09:04:47');
INSERT INTO `media` (`id`, `media_type_id`, `user_id`, `body`, `filename`, `size`, `metadata`, `created_at`, `updated_at`) VALUES ('23', '8', '79', 'Ratione repudiandae non voluptatum et impedit ea. Tempora corrupti qui eum aspernatur voluptatum vel magni.', 'Eum vel nemo vel aliquam. Accusamus soluta sunt beatae consectetur aspernatur omnis qui et. Quas similique quas consectetur iure quia eveniet voluptate.', 0, NULL, '2003-05-17 06:11:47', '2012-06-11 19:51:19');
INSERT INTO `media` (`id`, `media_type_id`, `user_id`, `body`, `filename`, `size`, `metadata`, `created_at`, `updated_at`) VALUES ('24', '2', '87', 'Enim quam molestiae consequuntur nostrum magni. Consequatur laborum aut non aut. Dicta expedita sint ducimus. Vel amet dolorem voluptatem neque sunt aut.', 'Ut et accusamus sunt non. Aliquam blanditiis perspiciatis dolorum et. Eos ipsum odit officiis a necessitatibus. Quisquam harum deleniti laudantium repellendus.', 515182456, NULL, '1996-06-07 03:03:08', '2005-09-20 22:02:49');
INSERT INTO `media` (`id`, `media_type_id`, `user_id`, `body`, `filename`, `size`, `metadata`, `created_at`, `updated_at`) VALUES ('25', '10', '31', 'Earum consequatur porro consequatur similique omnis iusto. Tempora rem voluptatem ut doloremque tenetur iure possimus. Id possimus accusantium sapiente ad consequatur.', 'Perspiciatis perferendis et voluptas sapiente eum. At amet facilis ut architecto atque dolor est. Voluptatum rerum aut similique iste. Non aut sit quaerat ad. Atque totam reiciendis dolorum.', 497654053, NULL, '1985-05-23 07:11:01', '2023-01-26 10:22:58');
INSERT INTO `media` (`id`, `media_type_id`, `user_id`, `body`, `filename`, `size`, `metadata`, `created_at`, `updated_at`) VALUES ('26', '3', '43', 'Magni quod et quos aut voluptates accusantium. Omnis inventore ab provident nam culpa. Vel sit aut excepturi corrupti illo blanditiis in.', 'Sit fugiat quo laboriosam ab dignissimos quia. Et omnis asperiores iusto atque non.', 550217078, NULL, '1995-11-08 00:58:28', '2006-08-22 05:37:44');
INSERT INTO `media` (`id`, `media_type_id`, `user_id`, `body`, `filename`, `size`, `metadata`, `created_at`, `updated_at`) VALUES ('27', '10', '32', 'Sit laboriosam vel aspernatur odio veniam et. Libero consequatur illo qui sit vitae. Ut officia voluptas at optio similique. Laboriosam voluptatem officia perferendis qui et. Velit earum illum et repudiandae vel.', 'Ut quibusdam qui eaque dolorem excepturi natus quia. Iste facere ut sunt quos quibusdam eveniet nisi. Ducimus eum nesciunt consequatur repellendus aperiam maiores.', 34811022, NULL, '1980-09-09 02:03:06', '1990-10-29 14:00:22');
INSERT INTO `media` (`id`, `media_type_id`, `user_id`, `body`, `filename`, `size`, `metadata`, `created_at`, `updated_at`) VALUES ('28', '7', '93', 'Suscipit expedita voluptatem vel ut. Sit minima nisi eos expedita. Illum magni voluptatem quaerat corporis et quis.', 'Sunt voluptate et sed deserunt doloribus porro. Et voluptas odio natus qui quo. Dignissimos qui ut enim odit aut dignissimos. Distinctio repudiandae labore voluptatem voluptatem aliquam iure dolore.', 2784, NULL, '1971-05-13 18:55:25', '2016-10-02 14:44:11');
INSERT INTO `media` (`id`, `media_type_id`, `user_id`, `body`, `filename`, `size`, `metadata`, `created_at`, `updated_at`) VALUES ('29', '6', '27', 'Maxime alias molestias debitis rerum. Illo maiores provident quia delectus commodi. Sed et ipsa commodi est officiis consequatur. Recusandae fuga alias eligendi reiciendis exercitationem qui voluptatem.', 'Dolore aut reprehenderit distinctio totam et enim. Sunt adipisci laudantium aliquam. Delectus possimus sequi molestias nam.', 917501593, NULL, '1995-02-04 21:21:21', '1985-03-13 18:27:30');
INSERT INTO `media` (`id`, `media_type_id`, `user_id`, `body`, `filename`, `size`, `metadata`, `created_at`, `updated_at`) VALUES ('30', '10', '94', 'Est aut modi est enim. Aut ea magnam id iusto qui rerum. Cumque totam omnis ullam. Non quidem voluptatem sit tempora quia.', 'Delectus velit mollitia neque. Porro facere voluptatum omnis reiciendis doloremque veritatis. Reprehenderit dicta perspiciatis et nobis delectus facere rerum aut.', 237, NULL, '1999-11-21 05:55:28', '2011-07-20 16:59:44');
INSERT INTO `media` (`id`, `media_type_id`, `user_id`, `body`, `filename`, `size`, `metadata`, `created_at`, `updated_at`) VALUES ('31', '1', '87', 'Ut corrupti fuga commodi cum fuga officia. Et est provident nam reprehenderit magnam inventore impedit. Et ratione optio enim nisi beatae. Accusantium est fugit esse officia inventore quia.', 'Provident velit quidem qui ipsum. Enim sit cumque quo tempore non optio debitis. Illo itaque expedita optio vel quam et dolor.', 501, NULL, '2014-01-05 02:03:17', '2015-10-03 14:07:36');
INSERT INTO `media` (`id`, `media_type_id`, `user_id`, `body`, `filename`, `size`, `metadata`, `created_at`, `updated_at`) VALUES ('32', '8', '55', 'Et nam corrupti eius ut. Voluptatem provident dolores omnis unde veniam. Et molestiae dolor id ut et ut magnam. Illum necessitatibus molestiae porro ad quia.', 'Nemo eligendi quis quo. Cum sint non a reprehenderit explicabo tenetur error qui. Enim et nam totam accusantium ducimus voluptatem.', 3087576, NULL, '1980-11-19 18:04:30', '2003-01-07 20:25:01');
INSERT INTO `media` (`id`, `media_type_id`, `user_id`, `body`, `filename`, `size`, `metadata`, `created_at`, `updated_at`) VALUES ('33', '5', '51', 'Laborum ut nisi voluptas cupiditate totam qui et. Quo ut eaque similique qui aspernatur rerum unde nisi. Sit aut aut quae et.', 'Neque consequatur officia ut deserunt. Vel quo itaque fuga possimus impedit quo nostrum. Qui minima sed ut quod nemo sunt hic.', 335684078, NULL, '1985-12-13 04:35:59', '2006-04-04 09:52:50');
INSERT INTO `media` (`id`, `media_type_id`, `user_id`, `body`, `filename`, `size`, `metadata`, `created_at`, `updated_at`) VALUES ('34', '3', '98', 'Dolores sit ratione quia. Quia temporibus nemo cumque nihil voluptas sequi et. Facere itaque rerum ea deleniti aperiam consequatur accusantium.', 'Aliquam quia omnis placeat quae aut quia. Labore alias est dolores autem. Totam modi velit non reprehenderit dolores error nobis. Maiores perspiciatis ut voluptate ex sit quibusdam.', 0, NULL, '2020-02-14 22:03:53', '1982-06-05 15:56:25');
INSERT INTO `media` (`id`, `media_type_id`, `user_id`, `body`, `filename`, `size`, `metadata`, `created_at`, `updated_at`) VALUES ('35', '6', '60', 'Quidem qui velit distinctio neque incidunt unde fugiat. Illum beatae vitae cum et sunt illo velit porro. Temporibus quo sit maxime deleniti. Beatae quibusdam corrupti repudiandae quis at voluptatem vitae.', 'Beatae suscipit perferendis deserunt repudiandae nam amet molestias qui. Aspernatur fugit nihil dolore id non quos dolorem. In ut magni esse pariatur veniam id non.', 78217, NULL, '1970-02-18 17:35:11', '1985-12-06 02:53:15');
INSERT INTO `media` (`id`, `media_type_id`, `user_id`, `body`, `filename`, `size`, `metadata`, `created_at`, `updated_at`) VALUES ('36', '4', '41', 'Dolor vero vitae rem minus placeat ullam eum. In cumque fuga aliquam quo beatae non laborum.', 'Ex eius animi corporis nobis aliquid molestiae. Adipisci consectetur voluptas rerum exercitationem et labore qui ut.', 498152, NULL, '1996-01-25 20:28:03', '1989-02-25 04:41:02');
INSERT INTO `media` (`id`, `media_type_id`, `user_id`, `body`, `filename`, `size`, `metadata`, `created_at`, `updated_at`) VALUES ('37', '4', '91', 'Asperiores fugiat et facilis accusamus eaque provident fuga. Accusamus ducimus voluptatibus maiores voluptate autem dolores. Molestiae quis maiores laudantium corrupti consequatur molestiae perspiciatis dolorum. Est totam ipsa veniam magni aut placeat ratione.', 'Enim et enim exercitationem minima enim sunt. Qui est rerum est dolor saepe cum et. Autem natus voluptas placeat doloribus.', 275436, NULL, '1987-12-26 10:53:07', '1989-01-14 07:03:49');
INSERT INTO `media` (`id`, `media_type_id`, `user_id`, `body`, `filename`, `size`, `metadata`, `created_at`, `updated_at`) VALUES ('38', '9', '30', 'Consequuntur harum omnis nulla dicta. Fuga accusamus nihil voluptates fugiat voluptas. Unde delectus voluptatem exercitationem animi. Illum omnis nulla explicabo est veniam et vitae aspernatur. Sit odit ut odio et itaque.', 'Id atque et sed. Nobis et amet non doloremque dolore.\nDucimus expedita dicta nulla excepturi blanditiis quisquam sit. Nihil dolor mollitia omnis ut.', 817111911, NULL, '1985-01-08 14:59:23', '2022-02-09 14:24:12');
INSERT INTO `media` (`id`, `media_type_id`, `user_id`, `body`, `filename`, `size`, `metadata`, `created_at`, `updated_at`) VALUES ('39', '7', '22', 'Fuga vel quod reprehenderit consequatur aliquam provident quasi soluta. Aliquid maxime molestiae possimus voluptatum. Ea nihil non similique modi sapiente consectetur sequi.', 'Quos inventore labore quia vel occaecati qui repellendus. Id ea perspiciatis facilis.\nIllum fugiat rerum esse rerum debitis facilis voluptas et. Dolore eveniet sequi autem asperiores voluptatem quis.', 8857627, NULL, '2018-09-07 13:31:24', '1970-03-09 06:25:28');
INSERT INTO `media` (`id`, `media_type_id`, `user_id`, `body`, `filename`, `size`, `metadata`, `created_at`, `updated_at`) VALUES ('40', '1', '2', 'Repellendus itaque incidunt sunt eum eaque et sint aut. Illo repellendus fuga iusto impedit. Voluptatibus ad saepe odio laboriosam ratione id exercitationem quidem. Et consequuntur ut cumque atque.', 'Magni omnis quaerat enim aspernatur assumenda. Rerum maiores nobis illum. Vel repellat sapiente laudantium veniam eius est soluta cumque.', 250408797, NULL, '2011-08-17 01:20:57', '1991-11-08 04:25:28');
INSERT INTO `media` (`id`, `media_type_id`, `user_id`, `body`, `filename`, `size`, `metadata`, `created_at`, `updated_at`) VALUES ('41', '3', '46', 'Facere sit quia sint tenetur quam repudiandae molestiae quibusdam. Et laborum ut sit aut. Et nulla voluptate veritatis porro enim id molestias incidunt.', 'Distinctio illum voluptatem quia impedit harum. Rerum non dolorem quia. Minus corporis laborum magni voluptatem ratione ut et autem. Illo dolorem quia ad iure qui. Officiis sint in sint aut.', 244997781, NULL, '1993-01-27 13:22:22', '1974-12-28 22:50:19');
INSERT INTO `media` (`id`, `media_type_id`, `user_id`, `body`, `filename`, `size`, `metadata`, `created_at`, `updated_at`) VALUES ('42', '10', '16', 'Est qui blanditiis rerum. Sed aut pariatur ab. Odio iure animi voluptate suscipit.', 'Quae officia sunt rem ut. Quibusdam voluptate sit at facilis excepturi quia. Consequatur et aut eaque.', 3447, NULL, '1979-01-19 23:16:11', '2006-03-16 20:45:12');
INSERT INTO `media` (`id`, `media_type_id`, `user_id`, `body`, `filename`, `size`, `metadata`, `created_at`, `updated_at`) VALUES ('43', '10', '74', 'Explicabo est possimus voluptatem asperiores debitis. Quo accusamus itaque sequi.', 'Ut quidem dolorem delectus. Corporis sint omnis eos vero. Voluptas in optio quas quia.', 88, NULL, '2004-06-06 23:53:45', '1992-02-01 08:01:19');
INSERT INTO `media` (`id`, `media_type_id`, `user_id`, `body`, `filename`, `size`, `metadata`, `created_at`, `updated_at`) VALUES ('44', '7', '74', 'Earum eius in minus voluptas. Ad soluta suscipit exercitationem veniam vel magni. Magnam ut amet labore iure est quae non eos.', 'Ad officia similique enim enim. Numquam impedit ipsa dolor accusantium impedit. Iure nemo beatae debitis cum et et est. Labore non qui reprehenderit. Exercitationem ut tempora accusamus neque neque.', 36662, NULL, '2008-03-07 22:14:48', '1984-12-27 10:25:57');
INSERT INTO `media` (`id`, `media_type_id`, `user_id`, `body`, `filename`, `size`, `metadata`, `created_at`, `updated_at`) VALUES ('45', '8', '77', 'Vero rerum molestiae voluptas atque qui cumque et. Facere quia rerum quae animi possimus voluptas suscipit. Unde rerum repellat libero aliquam doloribus nobis illum quidem. Qui omnis porro tempora dignissimos et.', 'Eaque totam voluptas ipsa molestiae in enim et. Cupiditate ut neque sit est ab impedit veniam perspiciatis. Reiciendis officia quae tempora minima.', 0, NULL, '1976-07-15 08:15:42', '1971-06-01 01:49:57');
INSERT INTO `media` (`id`, `media_type_id`, `user_id`, `body`, `filename`, `size`, `metadata`, `created_at`, `updated_at`) VALUES ('46', '3', '65', 'Veniam omnis praesentium repellat id. Omnis et ut esse tempore temporibus quam.', 'Magni ullam sequi ut laborum minus est. Qui ullam doloribus accusamus perferendis eum sed sit vitae. Quae dignissimos sed voluptatem quibusdam ea tempora. Ex ut asperiores aut magni ipsa repellendus.', 1427, NULL, '1974-07-05 15:30:03', '1972-10-13 04:04:17');
INSERT INTO `media` (`id`, `media_type_id`, `user_id`, `body`, `filename`, `size`, `metadata`, `created_at`, `updated_at`) VALUES ('47', '10', '15', 'Architecto omnis et nihil. Aut inventore excepturi quia nulla. Consequatur consequuntur veritatis enim et. Non autem magnam et reprehenderit.', 'Quibusdam ab id consequatur soluta in. Dolor error maiores est quia. Porro modi perspiciatis perferendis.', 8, NULL, '2015-09-26 18:14:29', '1974-10-19 22:26:48');
INSERT INTO `media` (`id`, `media_type_id`, `user_id`, `body`, `filename`, `size`, `metadata`, `created_at`, `updated_at`) VALUES ('48', '8', '28', 'Voluptatibus explicabo odio dolorem et. Aut voluptatibus voluptas dolores eos.', 'Optio quae quisquam omnis optio sapiente sint. Quod atque molestias reprehenderit recusandae rerum repellat accusantium.', 49, NULL, '2003-12-03 00:28:01', '1982-03-23 19:26:27');
INSERT INTO `media` (`id`, `media_type_id`, `user_id`, `body`, `filename`, `size`, `metadata`, `created_at`, `updated_at`) VALUES ('49', '4', '73', 'Molestias ipsam voluptate qui nesciunt. Sunt dolorem eius quis dolor ducimus eveniet est. Suscipit reiciendis mollitia quae distinctio placeat tempore temporibus. Est culpa tempora itaque consequatur veritatis aspernatur.', 'Ut quia ut qui omnis consequatur veniam quo. Tenetur quibusdam fuga excepturi sed eos sint quo. Ut sed necessitatibus provident dolorem. Error dignissimos voluptatem corrupti est omnis perferendis.', 3, NULL, '2008-01-29 09:00:02', '2013-09-13 12:17:44');
INSERT INTO `media` (`id`, `media_type_id`, `user_id`, `body`, `filename`, `size`, `metadata`, `created_at`, `updated_at`) VALUES ('50', '4', '69', 'Ex quibusdam vero eum repudiandae earum soluta quo. Laboriosam optio expedita impedit reprehenderit voluptate occaecati soluta. Eius natus eaque facilis magnam. Nobis praesentium ab eveniet labore.', 'Quis commodi facere autem in. Impedit eos consectetur et magnam porro voluptatem dolorem omnis.', 0, NULL, '2000-07-18 01:23:11', '1985-09-19 23:41:31');
INSERT INTO `media` (`id`, `media_type_id`, `user_id`, `body`, `filename`, `size`, `metadata`, `created_at`, `updated_at`) VALUES ('51', '1', '1', 'Esse ipsam aliquam sed possimus perferendis sed. Similique temporibus voluptatem totam. Exercitationem itaque vitae impedit omnis voluptatem. Facere cum eos consequatur aut est sunt.', 'Velit consequatur ratione in debitis tenetur dignissimos officiis non. Sint quasi ipsam qui ut. Dolores magnam quasi sed eos.', 58763, NULL, '2021-09-22 15:54:15', '2001-08-31 23:55:59');
INSERT INTO `media` (`id`, `media_type_id`, `user_id`, `body`, `filename`, `size`, `metadata`, `created_at`, `updated_at`) VALUES ('52', '9', '8', 'In qui officiis molestiae facilis iste reiciendis repellendus. Odit facilis quia ab molestiae fugit temporibus distinctio aliquam. Hic et deleniti hic quia blanditiis accusamus quidem corporis. Non qui impedit nemo dolorum inventore earum.', 'Eos nihil asperiores optio ut aliquam cupiditate sint. Aliquam at blanditiis ipsa voluptatem ut nisi facilis ut. Asperiores non necessitatibus repellendus mollitia rerum et eos.', 558207, NULL, '1984-06-08 15:49:09', '1984-09-03 11:25:16');
INSERT INTO `media` (`id`, `media_type_id`, `user_id`, `body`, `filename`, `size`, `metadata`, `created_at`, `updated_at`) VALUES ('53', '2', '15', 'Eos praesentium provident totam possimus voluptates voluptate maiores. Magni ipsam dolores laborum et facilis molestiae. Consequatur autem ipsa et accusamus fugit ea magnam consequuntur.', 'Error dolorem fuga ratione quia distinctio labore vel. Sed provident maxime voluptatem aut minima doloribus praesentium.', 0, NULL, '2009-09-03 05:05:33', '1973-12-15 02:16:34');
INSERT INTO `media` (`id`, `media_type_id`, `user_id`, `body`, `filename`, `size`, `metadata`, `created_at`, `updated_at`) VALUES ('54', '7', '52', 'Et quas velit odit ipsum. Aliquam a in saepe explicabo optio alias. Repellat illum non tempora dolores amet possimus iste. Eum aut illo corrupti quibusdam.', 'Velit deserunt fugiat fugit rerum ipsam rerum. Non pariatur occaecati atque modi nam vitae.', 22723035, NULL, '2014-01-13 02:20:48', '2022-03-11 00:15:49');
INSERT INTO `media` (`id`, `media_type_id`, `user_id`, `body`, `filename`, `size`, `metadata`, `created_at`, `updated_at`) VALUES ('55', '7', '43', 'Nihil voluptas nesciunt et unde quo cum ipsa. Velit iste autem voluptate corrupti. Praesentium exercitationem laudantium qui.', 'Sequi asperiores itaque tempora veritatis. Tempora numquam alias est voluptatem. Et necessitatibus occaecati qui quia labore et. Cum consequatur nemo praesentium.', 92992618, NULL, '1986-10-13 19:09:47', '1976-06-23 04:35:12');
INSERT INTO `media` (`id`, `media_type_id`, `user_id`, `body`, `filename`, `size`, `metadata`, `created_at`, `updated_at`) VALUES ('56', '4', '7', 'Aut eius iste iste quae suscipit. Vel expedita sunt quisquam dolor ducimus et eius pariatur. Sed ipsa magnam sit earum quia consectetur illum. Et cupiditate ea aliquid et enim quidem.', 'Quia et non voluptatem cupiditate asperiores enim corporis et. Est exercitationem libero optio qui debitis omnis. Est sunt accusantium incidunt numquam.', 59, NULL, '1991-02-12 16:47:38', '2020-06-22 02:58:37');
INSERT INTO `media` (`id`, `media_type_id`, `user_id`, `body`, `filename`, `size`, `metadata`, `created_at`, `updated_at`) VALUES ('57', '4', '87', 'Beatae labore velit totam qui. Ut quae totam ipsam libero commodi. Et dolorem saepe et voluptatem adipisci corporis necessitatibus adipisci.', 'Tempora numquam sint sed ut. Magni doloremque aut molestias voluptas quaerat. Quia aut ab magni voluptatem. Illo non possimus reprehenderit libero.', 50, NULL, '2009-08-30 06:48:44', '2006-01-01 21:19:22');
INSERT INTO `media` (`id`, `media_type_id`, `user_id`, `body`, `filename`, `size`, `metadata`, `created_at`, `updated_at`) VALUES ('58', '7', '8', 'Omnis est earum modi. Fugiat culpa eum cupiditate et debitis recusandae. Saepe fugiat quasi repellat.', 'In officiis voluptas pariatur itaque consequatur harum. Temporibus est voluptatem voluptas mollitia. Aut commodi dignissimos nesciunt rerum.', 9852588, NULL, '1988-04-01 01:20:26', '1979-05-24 04:27:20');
INSERT INTO `media` (`id`, `media_type_id`, `user_id`, `body`, `filename`, `size`, `metadata`, `created_at`, `updated_at`) VALUES ('59', '2', '16', 'Cumque ut et enim assumenda iste et. Quia ad voluptas ab fugit. Reprehenderit amet et ratione dolores.', 'Pariatur nobis quis aperiam est. Quasi rerum cumque qui qui id earum debitis. Voluptas explicabo esse labore praesentium. Ducimus molestiae et dolorem ipsa expedita.', 0, NULL, '1995-09-12 22:12:42', '2012-02-10 19:07:21');
INSERT INTO `media` (`id`, `media_type_id`, `user_id`, `body`, `filename`, `size`, `metadata`, `created_at`, `updated_at`) VALUES ('60', '2', '30', 'Qui modi eveniet quam voluptatum accusantium eaque natus molestiae. Corporis explicabo deserunt laborum totam magnam nobis. Est autem esse aut sapiente suscipit sed sapiente. Accusantium sapiente rerum cumque autem.', 'Qui consequuntur qui voluptates molestiae. Dolores nemo tempora ut assumenda quibusdam totam doloribus. Impedit aut odio esse ad ut nisi.', 457, NULL, '2000-05-09 08:37:53', '2009-06-11 18:57:17');
INSERT INTO `media` (`id`, `media_type_id`, `user_id`, `body`, `filename`, `size`, `metadata`, `created_at`, `updated_at`) VALUES ('61', '9', '5', 'Maiores pariatur non et aut voluptatem dolor tenetur. Itaque et cumque illum dicta ratione distinctio. Dolore voluptatem molestiae vero porro saepe. Ut rerum odio excepturi magnam accusamus possimus.', 'Ratione labore totam occaecati. Alias iure ea tempore non et sint. Cumque maiores vel perspiciatis quidem. Qui sed reprehenderit voluptas error assumenda autem.', 4133704, NULL, '1985-05-24 07:35:26', '2022-12-16 05:18:37');
INSERT INTO `media` (`id`, `media_type_id`, `user_id`, `body`, `filename`, `size`, `metadata`, `created_at`, `updated_at`) VALUES ('62', '2', '100', 'Qui fuga officiis occaecati corrupti dicta. Magnam et omnis et est sunt ea ut. Beatae iste fugiat qui reprehenderit sunt sapiente. Placeat est reiciendis maxime corrupti provident repellendus.', 'Fugiat quasi asperiores nesciunt vero. Quo iure porro temporibus illo aliquid dicta maxime. Dolor ullam quibusdam consequatur inventore aut voluptate aut.', 12821, NULL, '1990-10-31 09:09:26', '1993-07-19 14:07:20');
INSERT INTO `media` (`id`, `media_type_id`, `user_id`, `body`, `filename`, `size`, `metadata`, `created_at`, `updated_at`) VALUES ('63', '2', '59', 'Porro aut reiciendis alias omnis enim rerum. Est quia corrupti praesentium id. Numquam unde commodi nam inventore aut animi. Autem enim maiores quis delectus nostrum in dolor.', 'Omnis modi quod illo ut facilis. Quaerat dolore nihil eius minima perspiciatis eveniet. Iusto blanditiis cumque saepe molestiae. Voluptas occaecati ut eum aut aspernatur in.', 0, NULL, '1999-05-03 12:59:39', '2008-12-03 09:34:04');
INSERT INTO `media` (`id`, `media_type_id`, `user_id`, `body`, `filename`, `size`, `metadata`, `created_at`, `updated_at`) VALUES ('64', '7', '83', 'Nesciunt eligendi pariatur dolor architecto consequatur id qui sit. Error laboriosam quia ea. Et magnam rerum quas id tempora velit. Non odit ex sint autem.', 'Dolor eos vel aut. Unde voluptatibus molestiae voluptatem aliquam aut. Consequatur reiciendis qui incidunt rerum perferendis recusandae a.', 484649085, NULL, '2009-12-21 17:45:00', '2001-11-04 20:44:33');
INSERT INTO `media` (`id`, `media_type_id`, `user_id`, `body`, `filename`, `size`, `metadata`, `created_at`, `updated_at`) VALUES ('65', '3', '99', 'Accusantium distinctio quas quia eius mollitia aspernatur. Dolorum tenetur dignissimos voluptates ratione corporis amet. Neque in autem dolores et dolorem. Pariatur itaque dolorem distinctio quo ipsam debitis.', 'Aut ut quaerat dolores laborum qui. In eaque vero earum quae aut aut. Repudiandae inventore facilis harum est tempora. Quis nihil distinctio est qui sequi exercitationem sit.', 7705446, NULL, '1975-04-03 06:44:22', '2022-05-10 21:08:30');
INSERT INTO `media` (`id`, `media_type_id`, `user_id`, `body`, `filename`, `size`, `metadata`, `created_at`, `updated_at`) VALUES ('66', '5', '58', 'Aliquam qui animi veritatis harum. Expedita expedita reprehenderit eum odit. Nulla eum molestias repellat illum suscipit.', 'Adipisci quia libero doloribus et autem ab et laboriosam. Quas esse consequatur omnis culpa. Iste autem eum necessitatibus ullam delectus dolorem.', 39, NULL, '1999-08-29 18:55:23', '1993-06-21 10:19:35');
INSERT INTO `media` (`id`, `media_type_id`, `user_id`, `body`, `filename`, `size`, `metadata`, `created_at`, `updated_at`) VALUES ('67', '6', '2', 'Eligendi iure et rerum et placeat eum. Incidunt odit nulla sint nobis voluptas. Doloremque at culpa aliquam quis.', 'Consequatur fugit dolor est facilis velit dolor voluptatem. Aliquam omnis et et omnis non. In id reprehenderit molestiae fugit est. Accusantium dolor voluptatum eligendi quidem perferendis qui.', 43700030, NULL, '2013-12-12 15:24:25', '1976-06-19 23:33:33');
INSERT INTO `media` (`id`, `media_type_id`, `user_id`, `body`, `filename`, `size`, `metadata`, `created_at`, `updated_at`) VALUES ('68', '8', '86', 'Explicabo veritatis tempora laudantium corrupti sint tenetur. Aut sed aliquid dolorem libero optio debitis distinctio. Voluptatem velit explicabo aut vel. Vero voluptatum quaerat quam velit nihil voluptates et et.', 'Aut aperiam alias aut cum dolorem nihil possimus. Quia corrupti quis animi omnis. Ipsam sunt voluptatem ut id.', 4662944, NULL, '2007-05-06 17:05:27', '2000-10-27 18:39:25');
INSERT INTO `media` (`id`, `media_type_id`, `user_id`, `body`, `filename`, `size`, `metadata`, `created_at`, `updated_at`) VALUES ('69', '9', '68', 'Nemo quisquam ullam vel iusto. Voluptas optio voluptatem tempora perferendis delectus iusto quisquam unde. Dolores qui sunt quos voluptatibus praesentium assumenda temporibus.', 'Dicta molestias libero qui quis labore. Ipsam error et ullam earum. Ea deserunt quo et similique sed nesciunt dolorum.', 6, NULL, '1992-01-01 23:49:18', '1973-10-30 15:22:58');
INSERT INTO `media` (`id`, `media_type_id`, `user_id`, `body`, `filename`, `size`, `metadata`, `created_at`, `updated_at`) VALUES ('70', '6', '48', 'Et sed eligendi voluptatem architecto occaecati ex perferendis. Voluptas dolores totam aut perspiciatis. Commodi iusto sed est. Recusandae tenetur odio doloremque praesentium nihil quibusdam.', 'Quis incidunt voluptas eius sunt explicabo voluptas. Sint est reprehenderit doloribus corrupti sint. Nostrum veritatis qui illum fugiat deleniti. Eius quas voluptatum perferendis tempora consequatur.', 69, NULL, '2019-10-01 03:05:39', '2018-06-04 20:48:00');
INSERT INTO `media` (`id`, `media_type_id`, `user_id`, `body`, `filename`, `size`, `metadata`, `created_at`, `updated_at`) VALUES ('71', '3', '19', 'Aut nam harum totam molestias laudantium sed non. Architecto officiis maxime quisquam sint mollitia qui labore. Dolor sapiente eligendi quod dolor perspiciatis libero.', 'Rerum vero hic totam et velit. Quia cumque beatae fugit aut sint. Nihil fuga eius rerum sit. Non veniam voluptatum velit eius quis impedit.', 834416, NULL, '2015-08-25 05:33:08', '2003-04-11 00:35:38');
INSERT INTO `media` (`id`, `media_type_id`, `user_id`, `body`, `filename`, `size`, `metadata`, `created_at`, `updated_at`) VALUES ('72', '3', '73', 'Similique quos est facilis aut. Inventore aliquam occaecati harum et debitis aperiam. Culpa molestias et est eum.', 'Et qui consequatur vitae a in aut ratione. Ipsum ea ex ea vel quam. Natus ut quaerat esse sed laborum libero voluptas. Sint aut temporibus recusandae.', 98, NULL, '2013-04-26 16:08:41', '2005-03-31 12:39:18');
INSERT INTO `media` (`id`, `media_type_id`, `user_id`, `body`, `filename`, `size`, `metadata`, `created_at`, `updated_at`) VALUES ('73', '1', '52', 'Occaecati repellat consequatur sint dolorem. Accusantium et et animi rerum excepturi tempore eius. Recusandae sapiente qui in eum commodi quia. Distinctio doloribus quia eaque similique dicta tempore.', 'Ipsam tempora quia est culpa. Qui est consectetur iure eveniet. Dolores corrupti voluptas nam eius. Ea et natus necessitatibus aliquid.', 56, NULL, '1980-04-30 03:20:46', '2008-01-13 07:01:33');
INSERT INTO `media` (`id`, `media_type_id`, `user_id`, `body`, `filename`, `size`, `metadata`, `created_at`, `updated_at`) VALUES ('74', '10', '4', 'Culpa id laborum pariatur eos quia tenetur voluptatem. Eos modi quia odit voluptas non eos laborum quis. Qui et modi aut nisi blanditiis ea sunt.', 'Maiores et non et illo. Omnis voluptas enim consequatur non laudantium. Sequi repudiandae ut cupiditate ullam debitis voluptatem. Velit molestiae tempora ea magnam numquam rerum accusamus.', 2, NULL, '2014-05-14 21:49:07', '1987-03-16 01:47:32');
INSERT INTO `media` (`id`, `media_type_id`, `user_id`, `body`, `filename`, `size`, `metadata`, `created_at`, `updated_at`) VALUES ('75', '1', '100', 'Veritatis earum molestiae possimus quasi possimus. Quisquam quo itaque quos deserunt. Eveniet dolores ab unde adipisci aspernatur ut. Rerum nostrum ad culpa velit.', 'Et explicabo sit et quia. Ad iusto eum corporis suscipit eos quia possimus. Et dolorum reiciendis iusto nisi eum.', 32225, NULL, '1972-11-29 05:41:28', '1998-12-16 14:54:34');
INSERT INTO `media` (`id`, `media_type_id`, `user_id`, `body`, `filename`, `size`, `metadata`, `created_at`, `updated_at`) VALUES ('76', '5', '83', 'Fugit velit saepe enim qui nisi. Architecto vitae eius eos. Labore nihil sequi a voluptatem quasi cumque repudiandae. Quasi reiciendis molestiae commodi enim dolorem.', 'Iure provident perspiciatis consequuntur iusto eum. A eligendi similique nostrum ea autem minus eveniet. Et aut harum tempore perspiciatis ipsam. Incidunt animi cumque totam dolores.', 51, NULL, '1996-08-23 19:25:42', '2003-09-02 07:14:49');
INSERT INTO `media` (`id`, `media_type_id`, `user_id`, `body`, `filename`, `size`, `metadata`, `created_at`, `updated_at`) VALUES ('77', '8', '25', 'Culpa iure et nemo repudiandae aut. Molestiae voluptate et nostrum fugiat quia nemo qui. Deserunt est quas voluptatem eligendi.', 'Qui ut magni non in sit atque laudantium. Corporis consectetur et qui eaque culpa quo maxime et. Dolorem vero ratione consectetur nihil non.', 726361002, NULL, '1993-07-04 19:44:39', '1990-04-04 08:34:14');
INSERT INTO `media` (`id`, `media_type_id`, `user_id`, `body`, `filename`, `size`, `metadata`, `created_at`, `updated_at`) VALUES ('78', '4', '41', 'Eligendi illum et minus vel saepe repudiandae. Aut velit fuga fuga natus omnis quia. Ut magni ad doloribus quia. Ipsum est sit voluptas id illo.', 'Sint totam quidem soluta sit. Eum minima quis nisi quibusdam non laboriosam. Labore rerum aut impedit quis voluptatibus eos.', 0, NULL, '1974-11-21 22:52:34', '2021-03-04 22:16:49');
INSERT INTO `media` (`id`, `media_type_id`, `user_id`, `body`, `filename`, `size`, `metadata`, `created_at`, `updated_at`) VALUES ('79', '4', '78', 'Est sequi voluptatem cum qui nam non. Eos et autem et consequatur aspernatur recusandae harum non. Maxime debitis accusamus et ipsum illo.', 'Molestiae distinctio et praesentium. Quaerat facere ea soluta. Tenetur est ex et omnis aut esse quam.', 80523, NULL, '2019-05-27 08:10:14', '2015-08-20 07:04:10');
INSERT INTO `media` (`id`, `media_type_id`, `user_id`, `body`, `filename`, `size`, `metadata`, `created_at`, `updated_at`) VALUES ('80', '1', '79', 'Voluptatem in numquam nobis minus iste soluta et sit. Dolorem corrupti aut quos molestiae nam consequatur est. Excepturi aut eos omnis. Accusamus ea eligendi aut repellat minus rem nesciunt.', 'Temporibus laboriosam incidunt eveniet praesentium et sint animi. Quos quia commodi odit velit omnis doloremque. Aut blanditiis occaecati minus earum quia culpa ab.', 919, NULL, '1974-11-28 18:38:35', '2006-08-14 03:03:33');
INSERT INTO `media` (`id`, `media_type_id`, `user_id`, `body`, `filename`, `size`, `metadata`, `created_at`, `updated_at`) VALUES ('81', '10', '76', 'Voluptas quo veniam dolore enim. Rerum modi quasi et enim ut sit repudiandae. Sunt modi minus excepturi nobis.', 'Est et inventore ea voluptas veniam explicabo. Animi temporibus voluptas dicta voluptas sint. Quo perspiciatis asperiores officiis labore sapiente quidem quidem.', 251, NULL, '1974-07-28 03:42:26', '1977-02-28 00:01:32');
INSERT INTO `media` (`id`, `media_type_id`, `user_id`, `body`, `filename`, `size`, `metadata`, `created_at`, `updated_at`) VALUES ('82', '1', '48', 'Debitis voluptas deleniti consectetur molestiae sunt rerum. In qui odio cupiditate ducimus natus architecto. Maiores aut eius autem eaque voluptas et quia.', 'Deserunt natus hic ad eum facilis nihil. Illum excepturi quo eum dolores. Illum distinctio nulla nihil.', 59, NULL, '2006-09-12 21:00:55', '1972-10-09 17:08:41');
INSERT INTO `media` (`id`, `media_type_id`, `user_id`, `body`, `filename`, `size`, `metadata`, `created_at`, `updated_at`) VALUES ('83', '10', '83', 'Voluptatum velit et distinctio saepe fugit excepturi quis. Libero vero libero eos odit ut non nam. In error cum qui dolor at consectetur eveniet. Et ullam odio sunt ut facere vel et vel.', 'Aut modi fugit consequatur pariatur laborum. Vel voluptatem maxime sit voluptate et ipsum. Dolorem et laudantium expedita minima iste. Aperiam illum corrupti voluptate ut voluptatem adipisci.', 638281, NULL, '2017-02-24 05:32:11', '2022-07-11 05:38:32');
INSERT INTO `media` (`id`, `media_type_id`, `user_id`, `body`, `filename`, `size`, `metadata`, `created_at`, `updated_at`) VALUES ('84', '7', '33', 'Quia fuga velit aut ut adipisci adipisci ab. Recusandae quam esse quis labore. Repellendus non libero molestiae voluptatum. Est veniam explicabo non fuga.', 'Ipsam nesciunt et nulla aut tenetur. Doloribus consequuntur suscipit illo nam maxime nihil. Non aperiam enim quia aspernatur.', 8, NULL, '2008-05-20 15:55:19', '1985-09-18 07:35:44');
INSERT INTO `media` (`id`, `media_type_id`, `user_id`, `body`, `filename`, `size`, `metadata`, `created_at`, `updated_at`) VALUES ('85', '9', '5', 'Ullam repellat praesentium deserunt molestias quis. Error natus soluta magni ut iusto ea voluptatem. Vel accusamus omnis quia illum.', 'Optio et suscipit soluta voluptatem. Omnis sint animi deserunt nisi. At sit incidunt incidunt quo quisquam mollitia. Vel quasi non nostrum et et voluptas ipsam.', 354, NULL, '1976-02-15 12:51:04', '2003-06-26 03:44:36');
INSERT INTO `media` (`id`, `media_type_id`, `user_id`, `body`, `filename`, `size`, `metadata`, `created_at`, `updated_at`) VALUES ('86', '9', '92', 'Distinctio quibusdam sed earum error et ea. Eveniet molestias temporibus voluptatum sit unde quos quia. Ipsam totam quae quibusdam et corporis. Et id omnis libero iusto officiis eligendi iste.', 'Nostrum ad consectetur voluptatem at dignissimos. Explicabo qui adipisci veniam enim eius. Quia architecto delectus reprehenderit. Aut et esse quod natus. Eligendi earum aspernatur facere rem eum.', 654, NULL, '1991-09-03 14:50:08', '2020-06-13 16:19:07');
INSERT INTO `media` (`id`, `media_type_id`, `user_id`, `body`, `filename`, `size`, `metadata`, `created_at`, `updated_at`) VALUES ('87', '5', '31', 'Minus nihil aspernatur tempore. At earum qui eum magnam consequatur voluptatem. Eos quis sunt velit omnis iste quia.', 'Minima sed velit molestiae quisquam et vel. Dolore facere accusamus nobis saepe nam occaecati voluptatem modi. Error eum ad illum occaecati iusto et qui.', 5, NULL, '2020-04-21 06:01:42', '2019-07-01 14:03:39');
INSERT INTO `media` (`id`, `media_type_id`, `user_id`, `body`, `filename`, `size`, `metadata`, `created_at`, `updated_at`) VALUES ('88', '9', '93', 'Dolor consequatur impedit enim quis ut. Sunt hic aut quia. Sit eum nisi harum esse ut vel dolores. Earum facilis saepe ipsa.', 'Sit fugiat est labore molestiae earum illo doloremque. Fugit quis error perspiciatis earum velit molestiae maiores. Odio facere consequuntur est. Aliquam repellat vel commodi consequuntur.', 28495477, NULL, '1971-07-09 05:00:35', '2007-05-05 03:25:12');
INSERT INTO `media` (`id`, `media_type_id`, `user_id`, `body`, `filename`, `size`, `metadata`, `created_at`, `updated_at`) VALUES ('89', '4', '20', 'Totam earum qui esse molestiae eum eos voluptatem. Alias quos aliquam tempore repudiandae dolorum consectetur. Temporibus beatae nesciunt iusto vero et expedita distinctio.', 'Ullam sunt occaecati quisquam. Autem sint deleniti hic eum. Cumque accusamus explicabo totam animi. Quo ex eligendi ad neque qui.', 21438, NULL, '2023-03-04 02:13:54', '2004-05-01 00:26:11');
INSERT INTO `media` (`id`, `media_type_id`, `user_id`, `body`, `filename`, `size`, `metadata`, `created_at`, `updated_at`) VALUES ('90', '8', '31', 'Doloribus aperiam in ut qui iusto aut. Quibusdam dolores ipsum consectetur aspernatur rerum ipsam quae. Iusto et voluptatibus laudantium ipsum. Totam rerum eaque et corporis sequi dolor accusamus.', 'Quo maiores quaerat autem itaque est. Quod doloribus aut qui quod quia qui qui. Et adipisci libero eius sit similique ducimus ad. Laborum eum corrupti aliquam consectetur dignissimos.', 5781101, NULL, '1984-08-07 10:52:39', '2019-01-21 08:04:15');
INSERT INTO `media` (`id`, `media_type_id`, `user_id`, `body`, `filename`, `size`, `metadata`, `created_at`, `updated_at`) VALUES ('91', '7', '66', 'Et maxime temporibus velit libero sed. Autem quasi maxime amet tempore. Iusto praesentium perferendis consequatur voluptas minima mollitia sit debitis.', 'Nihil mollitia magni dicta sequi eaque quasi. Nihil voluptates quidem amet quae. Aut asperiores minus molestias minus. Sint est animi voluptatem nesciunt odit excepturi.', 2561313, NULL, '1983-01-16 01:31:54', '2001-05-16 11:38:41');
INSERT INTO `media` (`id`, `media_type_id`, `user_id`, `body`, `filename`, `size`, `metadata`, `created_at`, `updated_at`) VALUES ('92', '4', '20', 'Dolores libero expedita et est sequi. At architecto possimus voluptatem magnam. Quos quis ut cum est. Dolorem debitis natus et sint.', 'Magni harum ducimus ullam veniam nam et non illum. Et eaque autem reiciendis sint non. Libero dolor velit placeat deleniti ut laborum temporibus.', 449333, NULL, '1996-01-05 20:48:02', '1988-06-02 01:55:30');
INSERT INTO `media` (`id`, `media_type_id`, `user_id`, `body`, `filename`, `size`, `metadata`, `created_at`, `updated_at`) VALUES ('93', '2', '35', 'Quia illum labore voluptas veritatis modi. Nulla sapiente porro voluptatem maxime ut et ipsum. Fuga velit fugit est sunt assumenda similique. Quaerat a rem est unde. Sed magnam et consequuntur ratione repellat officia et.', 'Nesciunt dolor sed rem praesentium quibusdam. Doloribus nisi similique dolores cum dolorem mollitia. Maxime quia nostrum ut omnis et nihil repudiandae.', 3805, NULL, '2004-10-24 17:09:49', '2010-04-25 19:50:45');
INSERT INTO `media` (`id`, `media_type_id`, `user_id`, `body`, `filename`, `size`, `metadata`, `created_at`, `updated_at`) VALUES ('94', '2', '67', 'Dolor explicabo recusandae optio beatae nobis. Harum qui rerum velit consequuntur est voluptas est. Consequuntur recusandae eius enim libero aperiam quam ex.', 'Nostrum suscipit qui ut aspernatur. Et ab est voluptas minima optio qui. Architecto est tempora vero minus ut fuga facilis temporibus. Sit aut qui omnis voluptas sit ut.', 39847929, NULL, '1983-09-18 03:23:15', '2000-01-01 15:26:01');
INSERT INTO `media` (`id`, `media_type_id`, `user_id`, `body`, `filename`, `size`, `metadata`, `created_at`, `updated_at`) VALUES ('95', '3', '24', 'Et iste dolorem quibusdam veniam rem quia. Ipsam quia et at et. Veritatis voluptates neque quo ut. Veritatis velit aliquam facere ea et rerum sed nostrum.', 'Sint maxime recusandae iste eos minus rerum. Voluptatem animi rerum tempore tempora ipsum. Vel qui adipisci veniam ut. Tempora nam qui aperiam consequuntur.', 78663431, NULL, '2005-09-26 18:26:34', '2007-08-28 07:55:43');
INSERT INTO `media` (`id`, `media_type_id`, `user_id`, `body`, `filename`, `size`, `metadata`, `created_at`, `updated_at`) VALUES ('96', '5', '29', 'Et velit laboriosam quia perferendis deserunt et. Accusantium qui accusantium reiciendis aut perspiciatis voluptatibus cupiditate. Corrupti nemo consequuntur sunt quia in officia. Quod ullam ipsa vitae occaecati qui et et rerum.', 'Porro voluptatem hic ducimus eius porro. Sit dolores harum ut.', 67247, NULL, '1985-03-10 13:36:27', '2007-03-15 15:36:27');
INSERT INTO `media` (`id`, `media_type_id`, `user_id`, `body`, `filename`, `size`, `metadata`, `created_at`, `updated_at`) VALUES ('97', '4', '9', 'Rerum vitae voluptatem voluptatem ratione dolores. Itaque vero magnam ullam labore odio iure.', 'Repellendus aut molestiae voluptatum non ab rerum optio. Dignissimos temporibus qui provident ut. Fugiat atque delectus itaque eos. Deserunt optio aperiam rerum a.', 9853, NULL, '2007-12-22 19:18:54', '2001-03-27 08:59:15');
INSERT INTO `media` (`id`, `media_type_id`, `user_id`, `body`, `filename`, `size`, `metadata`, `created_at`, `updated_at`) VALUES ('98', '2', '33', 'Nesciunt qui ut molestiae dolor eligendi quia. Qui qui nobis a vel. Eum nihil tempora illum et ut. Fugiat voluptatibus officiis omnis beatae nemo.', 'Omnis corporis cupiditate qui minus neque fugit facilis eum. Ea commodi saepe eius deleniti porro. Nobis fugiat non facere qui harum omnis. Iure aut iure optio sunt reprehenderit voluptatem.', 55490, NULL, '1980-05-02 17:05:53', '2019-04-17 01:36:25');
INSERT INTO `media` (`id`, `media_type_id`, `user_id`, `body`, `filename`, `size`, `metadata`, `created_at`, `updated_at`) VALUES ('99', '7', '84', 'Nihil molestiae corporis consequuntur id. Maiores alias ea iusto eum aperiam facilis. Eaque eum et suscipit quod illo repellendus. Excepturi placeat quibusdam ipsum quaerat est.', 'Sed sunt odio et quo dolor accusantium earum. In atque est molestias. Dolorum non impedit cumque ullam cum.', 46064379, NULL, '2007-08-23 09:32:50', '1977-04-14 13:56:29');
INSERT INTO `media` (`id`, `media_type_id`, `user_id`, `body`, `filename`, `size`, `metadata`, `created_at`, `updated_at`) VALUES ('100', '8', '1', 'Veritatis delectus nihil voluptas debitis delectus quia facere. Et quia delectus ea beatae.', 'Sunt iste voluptas iusto quo aut dolor asperiores. Culpa dolorem voluptas voluptatibus libero. Vero rerum et temporibus quia soluta eius quia. Magni ad cumque aut et beatae et eos et.', 1096, NULL, '1980-12-04 11:04:22', '1970-12-29 11:34:05');


#
# TABLE STRUCTURE FOR: media_types
#

DROP TABLE IF EXISTS `media_types`;

CREATE TABLE `media_types` (
  `id` bigint(20) unsigned NOT NULL AUTO_INCREMENT,
  `name` varchar(255) COLLATE utf8mb4_unicode_ci DEFAULT NULL,
  `created_at` datetime DEFAULT current_timestamp(),
  `updated_at` datetime DEFAULT current_timestamp() ON UPDATE current_timestamp(),
  PRIMARY KEY (`id`)
) ENGINE=InnoDB AUTO_INCREMENT=11 DEFAULT CHARSET=utf8mb4 COLLATE=utf8mb4_unicode_ci;

INSERT INTO `media_types` (`id`, `name`, `created_at`, `updated_at`) VALUES ('1', 'News', '1999-03-07 17:32:36', '2016-04-17 22:10:45');
INSERT INTO `media_types` (`id`, `name`, `created_at`, `updated_at`) VALUES ('2', 'Friends', '1971-11-21 20:15:10', '1976-01-02 05:07:21');
INSERT INTO `media_types` (`id`, `name`, `created_at`, `updated_at`) VALUES ('3', 'Communities', '2012-03-03 12:44:47', '1989-01-25 01:22:57');
INSERT INTO `media_types` (`id`, `name`, `created_at`, `updated_at`) VALUES ('4', 'Recommended', '1997-10-28 10:38:31', '1994-01-14 17:20:10');
INSERT INTO `media_types` (`id`, `name`, `created_at`, `updated_at`) VALUES ('5', 'Photos', '2005-07-23 13:28:04', '2021-03-25 09:41:25');
INSERT INTO `media_types` (`id`, `name`, `created_at`, `updated_at`) VALUES ('6', 'Videos', '1995-09-01 06:38:10', '1972-01-30 19:04:05');
INSERT INTO `media_types` (`id`, `name`, `created_at`, `updated_at`) VALUES ('7', 'Music', '1997-10-29 09:38:12', '1984-02-17 14:40:00');
INSERT INTO `media_types` (`id`, `name`, `created_at`, `updated_at`) VALUES ('8', 'VK Pay', '1993-12-18 01:02:15', '1986-11-17 08:26:58');
INSERT INTO `media_types` (`id`, `name`, `created_at`, `updated_at`) VALUES ('9', 'Mini Apps', '1986-09-27 19:14:52', '2008-08-17 04:24:04');
INSERT INTO `media_types` (`id`, `name`, `created_at`, `updated_at`) VALUES ('10', 'Games', '2008-03-30 07:16:33', '2008-03-22 01:13:09');


#
# TABLE STRUCTURE FOR: messages
#

DROP TABLE IF EXISTS `messages`;

CREATE TABLE `messages` (
  `id` bigint(20) unsigned NOT NULL AUTO_INCREMENT,
  `from_user_id` bigint(20) unsigned NOT NULL,
  `to_user_id` bigint(20) unsigned NOT NULL,
  `body` text COLLATE utf8mb4_unicode_ci DEFAULT NULL,
  `created_at` datetime DEFAULT current_timestamp(),
  PRIMARY KEY (`id`),
  KEY `from_user_id` (`from_user_id`),
  KEY `to_user_id` (`to_user_id`),
  CONSTRAINT `messages_ibfk_1` FOREIGN KEY (`from_user_id`) REFERENCES `users` (`id`) ON DELETE CASCADE ON UPDATE CASCADE,
  CONSTRAINT `messages_ibfk_2` FOREIGN KEY (`to_user_id`) REFERENCES `users` (`id`) ON DELETE CASCADE ON UPDATE CASCADE
) ENGINE=InnoDB AUTO_INCREMENT=101 DEFAULT CHARSET=utf8mb4 COLLATE=utf8mb4_unicode_ci;

INSERT INTO `messages` (`id`, `from_user_id`, `to_user_id`, `body`, `created_at`) VALUES ('1', '72', '51', 'Qui ut illo asperiores cumque maxime vitae quis ea. Molestias similique consequatur rerum quibusdam. Eveniet officiis voluptatem laborum blanditiis dolor laboriosam. Eum quia soluta magnam deserunt occaecati.', '1987-11-14 20:07:29');
INSERT INTO `messages` (`id`, `from_user_id`, `to_user_id`, `body`, `created_at`) VALUES ('2', '37', '73', 'Sint commodi ullam dolorem architecto. Cumque unde ullam libero reprehenderit. Molestiae cum sint accusantium quidem fuga.', '1993-10-22 11:00:21');
INSERT INTO `messages` (`id`, `from_user_id`, `to_user_id`, `body`, `created_at`) VALUES ('3', '51', '18', 'Similique incidunt aperiam fugit quasi enim. Tempore ratione repellat perspiciatis pariatur. Dolores cumque minima sed doloremque delectus ratione molestiae sed. Itaque et vero atque sint.', '1981-02-16 09:23:04');
INSERT INTO `messages` (`id`, `from_user_id`, `to_user_id`, `body`, `created_at`) VALUES ('4', '16', '17', 'Nihil corporis quae vel nihil quo est. Accusantium dolor aut iure vitae facere rerum. Porro ad illo occaecati quod molestiae.', '2016-05-25 19:36:07');
INSERT INTO `messages` (`id`, `from_user_id`, `to_user_id`, `body`, `created_at`) VALUES ('5', '99', '8', 'Eum qui accusamus dolor sit. Possimus aliquid quisquam reprehenderit optio repellendus qui sed. Autem totam dolores exercitationem voluptatem alias et est. Ab iusto ipsum quod consequatur delectus non eaque. Omnis quis doloremque aut animi officia.', '2016-03-22 06:26:02');
INSERT INTO `messages` (`id`, `from_user_id`, `to_user_id`, `body`, `created_at`) VALUES ('6', '99', '36', 'Voluptatem id adipisci non repudiandae. Hic est sed non dignissimos perferendis architecto. Nihil qui qui nemo. Qui id voluptas est soluta libero quis eius blanditiis.', '2000-10-12 19:55:21');
INSERT INTO `messages` (`id`, `from_user_id`, `to_user_id`, `body`, `created_at`) VALUES ('7', '30', '54', 'Similique quis error sed eos voluptatem corrupti tenetur. Qui quod qui sunt dolorum inventore nobis at unde. Aut esse minus eveniet autem nulla ut et. Beatae esse dolorem quia impedit aut.', '2016-11-25 03:18:23');
INSERT INTO `messages` (`id`, `from_user_id`, `to_user_id`, `body`, `created_at`) VALUES ('8', '12', '15', 'Nam magni quasi illum quidem. In corporis quaerat quia cumque ut asperiores. Voluptatem rerum suscipit quos non aut quidem.', '1981-11-28 07:44:10');
INSERT INTO `messages` (`id`, `from_user_id`, `to_user_id`, `body`, `created_at`) VALUES ('9', '58', '62', 'Dolorem qui sit omnis qui dolorem. Hic non corporis soluta laborum nihil voluptatem et. Eum consequatur autem eius quibusdam explicabo. Totam rerum provident et occaecati modi dolores.', '1988-08-25 02:50:56');
INSERT INTO `messages` (`id`, `from_user_id`, `to_user_id`, `body`, `created_at`) VALUES ('10', '49', '40', 'Velit quo velit et sequi qui. A natus et iusto molestiae cum dicta. Accusantium error nam sint eaque.', '2007-05-04 22:27:09');
INSERT INTO `messages` (`id`, `from_user_id`, `to_user_id`, `body`, `created_at`) VALUES ('11', '19', '91', 'Aspernatur distinctio tempore facere maxime dignissimos consequatur. Nihil et incidunt quis illum illo. Tempora hic hic veritatis reiciendis maiores officia.', '1994-05-13 22:13:52');
INSERT INTO `messages` (`id`, `from_user_id`, `to_user_id`, `body`, `created_at`) VALUES ('12', '49', '34', 'Est dolorem minus corporis in eos optio omnis. Possimus sit magnam laboriosam et saepe modi. Minus totam alias iusto omnis. Cum id fugit velit ipsam repudiandae accusantium error. Magnam quia eveniet inventore est ut dignissimos laborum enim.', '1971-05-27 09:16:18');
INSERT INTO `messages` (`id`, `from_user_id`, `to_user_id`, `body`, `created_at`) VALUES ('13', '86', '44', 'Consequatur suscipit eius recusandae ut molestias. Velit deleniti nemo unde perspiciatis necessitatibus. Iste cumque voluptas excepturi eum qui neque autem.', '1981-06-21 18:15:57');
INSERT INTO `messages` (`id`, `from_user_id`, `to_user_id`, `body`, `created_at`) VALUES ('14', '45', '20', 'Pariatur adipisci perspiciatis culpa minima et voluptas cupiditate sit. Ad et eos doloribus cumque minima quas.', '1993-11-24 01:50:27');
INSERT INTO `messages` (`id`, `from_user_id`, `to_user_id`, `body`, `created_at`) VALUES ('15', '62', '90', 'Quo odit numquam et error eveniet omnis modi doloribus. Consequatur odit inventore distinctio. Consequatur dolor omnis laudantium tempore inventore tenetur. Officia et aut adipisci modi ut quidem. Unde suscipit blanditiis quisquam sint numquam aspernatur.', '1989-03-23 23:01:59');
INSERT INTO `messages` (`id`, `from_user_id`, `to_user_id`, `body`, `created_at`) VALUES ('16', '19', '49', 'Earum qui temporibus velit aperiam quibusdam labore blanditiis. Animi maiores consectetur qui iusto dolores cumque ut. Commodi dolorem commodi dicta amet vel harum. Illo dicta quod ex sint ut.', '2022-03-05 09:07:29');
INSERT INTO `messages` (`id`, `from_user_id`, `to_user_id`, `body`, `created_at`) VALUES ('17', '42', '55', 'Et ratione aliquam voluptas ducimus autem qui. Autem magni velit ipsam recusandae explicabo maiores vel. Quisquam quas et eligendi ea recusandae reiciendis.', '1999-10-30 22:18:06');
INSERT INTO `messages` (`id`, `from_user_id`, `to_user_id`, `body`, `created_at`) VALUES ('18', '69', '38', 'Ipsam in ut eligendi ab labore vero inventore ut. Dolore qui saepe possimus.', '2011-03-04 18:46:44');
INSERT INTO `messages` (`id`, `from_user_id`, `to_user_id`, `body`, `created_at`) VALUES ('19', '79', '27', 'Blanditiis dignissimos animi nihil sit est officiis quos autem. Cum sed amet quisquam natus aut fugiat. Quos et cupiditate molestias velit non accusamus. Quasi minus et voluptatum eum sit.', '2012-09-08 14:08:56');
INSERT INTO `messages` (`id`, `from_user_id`, `to_user_id`, `body`, `created_at`) VALUES ('20', '21', '52', 'Quis rerum consectetur molestiae est. Nobis est et commodi recusandae. Ut doloremque amet quis tempore excepturi omnis qui excepturi.', '1983-03-26 06:44:31');
INSERT INTO `messages` (`id`, `from_user_id`, `to_user_id`, `body`, `created_at`) VALUES ('21', '3', '86', 'Adipisci unde eveniet nihil. Labore veniam iure ratione nisi. Labore laborum aut saepe. Necessitatibus cupiditate voluptatibus qui sapiente velit fuga. Aut est vitae quo sint id omnis.', '1972-06-23 06:16:16');
INSERT INTO `messages` (`id`, `from_user_id`, `to_user_id`, `body`, `created_at`) VALUES ('22', '97', '50', 'Voluptatem temporibus voluptatem enim nobis. Exercitationem a dolor dolor consectetur asperiores at odit. Nesciunt ipsum a explicabo occaecati nobis qui autem. Sit molestiae mollitia et.', '2004-05-25 03:29:27');
INSERT INTO `messages` (`id`, `from_user_id`, `to_user_id`, `body`, `created_at`) VALUES ('23', '33', '76', 'Possimus architecto voluptates maiores voluptatem omnis. Iusto autem molestias nobis velit necessitatibus unde odio. Nobis qui iste voluptate distinctio sapiente quo.', '1974-07-02 11:56:54');
INSERT INTO `messages` (`id`, `from_user_id`, `to_user_id`, `body`, `created_at`) VALUES ('24', '32', '28', 'Earum cum magnam illo reprehenderit non nemo ut maxime. Optio necessitatibus sed vel magni voluptas ipsum. Repudiandae alias explicabo voluptas.', '2003-07-02 14:52:13');
INSERT INTO `messages` (`id`, `from_user_id`, `to_user_id`, `body`, `created_at`) VALUES ('25', '44', '84', 'Provident explicabo animi temporibus itaque doloribus quidem. Natus doloribus eius omnis tenetur qui. Cupiditate neque aut quasi qui. Omnis architecto ipsam hic architecto voluptatum.', '2006-11-10 04:04:03');
INSERT INTO `messages` (`id`, `from_user_id`, `to_user_id`, `body`, `created_at`) VALUES ('26', '87', '81', 'Dicta sint dolor minus maiores minima. Quo porro voluptatum molestias quisquam sunt ducimus. Ullam nam rerum omnis omnis sunt numquam consequatur. Nemo quod saepe itaque. Saepe incidunt non animi ex velit occaecati.', '2005-09-06 10:09:47');
INSERT INTO `messages` (`id`, `from_user_id`, `to_user_id`, `body`, `created_at`) VALUES ('27', '33', '73', 'Repellat ratione laboriosam dolorem modi. Est qui ab occaecati est. Est ducimus nihil occaecati eum quae.', '1982-07-10 03:07:46');
INSERT INTO `messages` (`id`, `from_user_id`, `to_user_id`, `body`, `created_at`) VALUES ('28', '90', '62', 'Animi qui natus dignissimos molestias vel. Et cum sapiente asperiores ipsam.', '1995-10-02 11:38:46');
INSERT INTO `messages` (`id`, `from_user_id`, `to_user_id`, `body`, `created_at`) VALUES ('29', '54', '68', 'Sunt magnam architecto minima nihil autem velit. Quam eaque repellendus velit ab aut. Aut voluptatem nulla similique molestiae dolor a. Quae quasi id reprehenderit sunt soluta occaecati delectus.', '1998-12-03 07:26:57');
INSERT INTO `messages` (`id`, `from_user_id`, `to_user_id`, `body`, `created_at`) VALUES ('30', '34', '73', 'Et officia et autem sapiente impedit voluptates sed blanditiis. Sed aliquam explicabo molestiae voluptatibus tempore. Saepe inventore suscipit numquam. Repudiandae debitis pariatur nihil eaque animi.', '1970-06-05 14:25:28');
INSERT INTO `messages` (`id`, `from_user_id`, `to_user_id`, `body`, `created_at`) VALUES ('31', '26', '90', 'Aliquam aut tempora est et eum tenetur. Dolorem fugiat ut occaecati modi atque distinctio. Aperiam et reiciendis fuga tenetur. Aspernatur quia temporibus voluptas quidem enim illum.', '1990-07-11 05:59:23');
INSERT INTO `messages` (`id`, `from_user_id`, `to_user_id`, `body`, `created_at`) VALUES ('32', '68', '7', 'Sunt commodi inventore quos ea qui. Vel aperiam voluptatem dolor temporibus neque aut. Vero expedita aut tempore error porro. Velit beatae harum numquam minima.', '1981-12-05 00:00:26');
INSERT INTO `messages` (`id`, `from_user_id`, `to_user_id`, `body`, `created_at`) VALUES ('33', '87', '68', 'Iste fugiat totam occaecati voluptatibus fugiat non. Architecto in explicabo sit nulla maxime. Earum quae rerum earum eligendi nesciunt. Vitae similique non quod omnis.', '1985-03-12 08:57:56');
INSERT INTO `messages` (`id`, `from_user_id`, `to_user_id`, `body`, `created_at`) VALUES ('34', '26', '24', 'Ut laboriosam atque non est omnis qui. Excepturi non reprehenderit sed placeat voluptatibus. Molestias ipsam ut rerum nihil nobis.', '1998-12-10 15:53:06');
INSERT INTO `messages` (`id`, `from_user_id`, `to_user_id`, `body`, `created_at`) VALUES ('35', '28', '98', 'Adipisci perferendis ipsa illum dolores. Eum autem deserunt quis hic quis quibusdam.', '1990-03-18 01:58:17');
INSERT INTO `messages` (`id`, `from_user_id`, `to_user_id`, `body`, `created_at`) VALUES ('36', '36', '43', 'Architecto commodi quidem reprehenderit quos aspernatur. Nulla recusandae blanditiis minima et aliquam. Consectetur illo in quis cum in dolorem. Delectus non nesciunt voluptates tempora.', '2000-11-18 11:38:26');
INSERT INTO `messages` (`id`, `from_user_id`, `to_user_id`, `body`, `created_at`) VALUES ('37', '99', '49', 'Non tempore eum autem esse. Necessitatibus id veniam explicabo expedita officia et quam. Saepe rerum et accusamus.', '2004-08-20 12:07:37');
INSERT INTO `messages` (`id`, `from_user_id`, `to_user_id`, `body`, `created_at`) VALUES ('38', '74', '42', 'Qui dolores aut est velit. Vitae deleniti illo et in vero inventore quis. In pariatur et nihil soluta eius aut. Iure totam dicta vel et dolore odit accusamus.', '2012-02-07 19:49:01');
INSERT INTO `messages` (`id`, `from_user_id`, `to_user_id`, `body`, `created_at`) VALUES ('39', '33', '7', 'Voluptatem doloremque recusandae qui. Error unde voluptatem aut voluptates veniam et quo. Cupiditate eveniet vitae tempore. Ducimus neque non ducimus a quia sit itaque nihil. Vitae recusandae ipsam error qui iusto ut.', '1984-09-17 20:04:56');
INSERT INTO `messages` (`id`, `from_user_id`, `to_user_id`, `body`, `created_at`) VALUES ('40', '47', '32', 'Dolorem labore enim in itaque laudantium eaque labore. Provident consectetur quis cum dolorem harum sed. Et voluptatem et laborum aut.', '2005-07-28 16:23:20');
INSERT INTO `messages` (`id`, `from_user_id`, `to_user_id`, `body`, `created_at`) VALUES ('41', '15', '4', 'Dolores dolorem eveniet ut consequatur. Qui id iste in saepe. Id qui eos ex at fuga odit quasi.', '2020-05-23 22:14:55');
INSERT INTO `messages` (`id`, `from_user_id`, `to_user_id`, `body`, `created_at`) VALUES ('42', '73', '53', 'Officiis sed porro aut. Nulla facere error laborum voluptate est quia deleniti voluptates. Animi dolore repellendus dolor numquam.', '1990-01-17 23:59:00');
INSERT INTO `messages` (`id`, `from_user_id`, `to_user_id`, `body`, `created_at`) VALUES ('43', '49', '62', 'Aliquid voluptate maiores placeat officiis tempora est. Labore necessitatibus laboriosam rem.', '2009-01-08 00:46:37');
INSERT INTO `messages` (`id`, `from_user_id`, `to_user_id`, `body`, `created_at`) VALUES ('44', '12', '63', 'Eveniet aperiam voluptatem eum dolore. Reiciendis iusto quis animi eligendi.', '1993-07-09 07:15:53');
INSERT INTO `messages` (`id`, `from_user_id`, `to_user_id`, `body`, `created_at`) VALUES ('45', '37', '10', 'Qui explicabo et iste nihil ipsum quod soluta. Enim ex inventore dolorum eos sit maxime cumque. Voluptatum ea est similique. Recusandae eum enim cupiditate ab sit voluptas est.', '1995-01-29 22:00:07');
INSERT INTO `messages` (`id`, `from_user_id`, `to_user_id`, `body`, `created_at`) VALUES ('46', '41', '97', 'Nihil consequatur assumenda facere quisquam optio asperiores modi. Quis quia dicta fugit sed. Adipisci temporibus fugiat repudiandae quia dignissimos ab.', '1975-04-27 18:28:09');
INSERT INTO `messages` (`id`, `from_user_id`, `to_user_id`, `body`, `created_at`) VALUES ('47', '90', '21', 'Animi facilis quis non voluptatem dolor aperiam dolor. Nesciunt et eius placeat et eaque voluptatem consequatur omnis. Assumenda voluptatum dicta et eos dolores voluptatibus. Voluptatem dolores dolorem atque iste ut dignissimos.', '1997-03-10 14:48:59');
INSERT INTO `messages` (`id`, `from_user_id`, `to_user_id`, `body`, `created_at`) VALUES ('48', '29', '31', 'Id numquam omnis velit voluptatum ut et recusandae est. Assumenda aliquam quis architecto similique tempora soluta. Aut aut rerum voluptatem ut eos. Sed repudiandae velit voluptates.', '2014-07-13 20:19:05');
INSERT INTO `messages` (`id`, `from_user_id`, `to_user_id`, `body`, `created_at`) VALUES ('49', '83', '87', 'Aut quibusdam optio aut natus minus aut sit. In voluptate provident impedit eum. Eum recusandae est doloribus. Voluptatum doloribus ut vitae ut amet harum provident. Blanditiis autem error dolores eum.', '2011-12-29 05:22:02');
INSERT INTO `messages` (`id`, `from_user_id`, `to_user_id`, `body`, `created_at`) VALUES ('50', '31', '81', 'Dolorem eum reiciendis cum aut unde ea deserunt facere. Ratione laborum similique laborum sunt. Est dolorum enim molestias molestias quibusdam nulla. Et harum consequatur earum ea.', '1987-11-01 06:33:41');
INSERT INTO `messages` (`id`, `from_user_id`, `to_user_id`, `body`, `created_at`) VALUES ('51', '91', '17', 'Odio voluptate aut quia dolorum voluptates. Et fugit quia eius et culpa.', '2018-04-26 08:45:22');
INSERT INTO `messages` (`id`, `from_user_id`, `to_user_id`, `body`, `created_at`) VALUES ('52', '13', '41', 'Itaque qui hic sed. Autem facilis nulla atque. Distinctio maiores provident adipisci doloribus minus ipsam reiciendis.', '2005-10-24 04:50:36');
INSERT INTO `messages` (`id`, `from_user_id`, `to_user_id`, `body`, `created_at`) VALUES ('53', '75', '98', 'Nihil vel fugit corrupti. Beatae id architecto laudantium rem sed. Quod quam distinctio iusto.', '1978-02-10 22:04:19');
INSERT INTO `messages` (`id`, `from_user_id`, `to_user_id`, `body`, `created_at`) VALUES ('54', '43', '41', 'Sit omnis asperiores error omnis alias qui. Officiis modi consectetur iusto consequatur libero eaque.', '2021-06-25 21:58:22');
INSERT INTO `messages` (`id`, `from_user_id`, `to_user_id`, `body`, `created_at`) VALUES ('55', '88', '45', 'Unde quia dolorem blanditiis dolores. Officiis et nihil maiores molestiae animi. Impedit impedit et et modi.', '2019-07-11 12:21:31');
INSERT INTO `messages` (`id`, `from_user_id`, `to_user_id`, `body`, `created_at`) VALUES ('56', '58', '16', 'Sunt minima sint voluptatem iste. Recusandae sint cumque voluptate ut eaque. Dolorem ipsum doloremque perspiciatis aspernatur consectetur veritatis.', '2016-03-19 19:02:10');
INSERT INTO `messages` (`id`, `from_user_id`, `to_user_id`, `body`, `created_at`) VALUES ('57', '66', '71', 'Accusamus ipsam et beatae qui deserunt veritatis. Maiores officiis in voluptate et neque. Nesciunt magnam est ut dolor aut. Sunt fuga et dolorem ipsum fugiat molestias.', '1990-01-23 18:10:21');
INSERT INTO `messages` (`id`, `from_user_id`, `to_user_id`, `body`, `created_at`) VALUES ('58', '23', '31', 'Neque sapiente voluptates voluptatum ut et. Deserunt ut molestiae labore magni. Corrupti alias exercitationem voluptatibus. Libero qui beatae amet eos minus nam.', '1984-07-02 13:20:13');
INSERT INTO `messages` (`id`, `from_user_id`, `to_user_id`, `body`, `created_at`) VALUES ('59', '44', '9', 'Dolor eveniet atque ipsum sapiente. Eligendi et nihil esse et. Eaque earum voluptas id dolorem perferendis a praesentium.', '2001-12-14 04:24:00');
INSERT INTO `messages` (`id`, `from_user_id`, `to_user_id`, `body`, `created_at`) VALUES ('60', '51', '3', 'Aut a eum dolores est deleniti. Aspernatur iure natus rerum quis enim voluptas voluptatem. In at eos sunt corporis adipisci laborum accusantium. Vero non dolores neque cumque.', '2003-03-01 12:39:09');
INSERT INTO `messages` (`id`, `from_user_id`, `to_user_id`, `body`, `created_at`) VALUES ('61', '38', '8', 'Et aliquid qui quam. Dolor neque voluptatum dolorum ex qui consectetur. Quidem expedita sit autem quod.', '1988-07-27 15:37:21');
INSERT INTO `messages` (`id`, `from_user_id`, `to_user_id`, `body`, `created_at`) VALUES ('62', '58', '11', 'Neque voluptatem ut voluptas hic nihil. Ea non dicta praesentium sint consequatur ipsa sed alias. Et quo iure omnis rerum ullam libero sequi. Ut facilis ut aut saepe voluptas aut.', '2021-12-01 07:47:10');
INSERT INTO `messages` (`id`, `from_user_id`, `to_user_id`, `body`, `created_at`) VALUES ('63', '43', '15', 'Est eaque ut ducimus minima. Sit fugit rerum earum omnis. Nihil qui quae vel tempore sunt.', '2016-07-08 15:59:27');
INSERT INTO `messages` (`id`, `from_user_id`, `to_user_id`, `body`, `created_at`) VALUES ('64', '83', '56', 'Sapiente dolorem aut qui quia cumque omnis ducimus. Voluptatem blanditiis maxime doloribus veritatis facere. Doloribus voluptatem aut ut autem et quam voluptatibus. Nemo officiis ipsa fugit. Suscipit ea quis voluptatem voluptatem id exercitationem id.', '1989-09-12 15:59:07');
INSERT INTO `messages` (`id`, `from_user_id`, `to_user_id`, `body`, `created_at`) VALUES ('65', '49', '6', 'Doloremque dolores enim et numquam. Non autem et dolores ullam nisi. Commodi ut et distinctio doloremque illum. Voluptas ipsa laudantium qui qui voluptas ad voluptatem vitae.', '2001-07-19 16:50:37');
INSERT INTO `messages` (`id`, `from_user_id`, `to_user_id`, `body`, `created_at`) VALUES ('66', '16', '88', 'Itaque et adipisci eligendi. Voluptas maxime earum quos eos amet quaerat veritatis et.', '1970-04-03 01:55:59');
INSERT INTO `messages` (`id`, `from_user_id`, `to_user_id`, `body`, `created_at`) VALUES ('67', '72', '18', 'Consectetur enim ipsum sint qui porro. Explicabo adipisci voluptas velit sit saepe veritatis ipsa. Fuga voluptates exercitationem aut. Sit dolorem libero nemo aut voluptatem voluptas.', '1984-12-31 03:42:17');
INSERT INTO `messages` (`id`, `from_user_id`, `to_user_id`, `body`, `created_at`) VALUES ('68', '43', '7', 'Voluptatem sunt magni aliquid laboriosam voluptatum aut explicabo. Iure facilis ex aut fugiat eligendi. Quia dolorem ut repudiandae consectetur. Unde itaque magni molestiae quae.', '2003-07-19 15:03:35');
INSERT INTO `messages` (`id`, `from_user_id`, `to_user_id`, `body`, `created_at`) VALUES ('69', '75', '24', 'Veniam nulla blanditiis aut tempora et amet. Aut hic consequuntur quia possimus. Vel accusamus in magni.', '1992-05-30 04:52:36');
INSERT INTO `messages` (`id`, `from_user_id`, `to_user_id`, `body`, `created_at`) VALUES ('70', '52', '82', 'Voluptatem et ex saepe voluptatibus et pariatur facere. Neque vel quis magni labore reprehenderit ipsam. Neque itaque tenetur ut quod architecto sit et.', '2020-04-02 12:27:54');
INSERT INTO `messages` (`id`, `from_user_id`, `to_user_id`, `body`, `created_at`) VALUES ('71', '79', '41', 'Saepe quis laboriosam hic. Laudantium ut et aliquid recusandae necessitatibus. Aspernatur natus eligendi nobis autem est.', '2006-04-16 07:56:48');
INSERT INTO `messages` (`id`, `from_user_id`, `to_user_id`, `body`, `created_at`) VALUES ('72', '10', '72', 'Quos distinctio ad fuga molestiae officia. Ut id illo similique ut quibusdam qui quam. Officiis rerum fugiat pariatur architecto. Ut dolor quae magni magnam pariatur.', '1998-10-04 20:55:20');
INSERT INTO `messages` (`id`, `from_user_id`, `to_user_id`, `body`, `created_at`) VALUES ('73', '78', '37', 'Magnam dignissimos aut et. Eius dolorem rerum magni minus. Aut nihil dolores rerum sunt minima.', '2008-08-26 08:54:53');
INSERT INTO `messages` (`id`, `from_user_id`, `to_user_id`, `body`, `created_at`) VALUES ('74', '65', '55', 'Eligendi accusamus tempore enim in. Voluptatem minus qui officia facere doloribus odit quaerat.', '1997-12-20 01:27:15');
INSERT INTO `messages` (`id`, `from_user_id`, `to_user_id`, `body`, `created_at`) VALUES ('75', '34', '29', 'Odit vitae voluptatem sapiente numquam corrupti sequi. In aut amet dolor reprehenderit. Error sit dolores voluptas. Recusandae repudiandae expedita et maxime nisi.', '2015-11-25 09:55:07');
INSERT INTO `messages` (`id`, `from_user_id`, `to_user_id`, `body`, `created_at`) VALUES ('76', '27', '87', 'Expedita nihil enim minus voluptas qui et et. Et similique sunt dolore culpa possimus. Est sed quas ut magnam cum perspiciatis. Odit voluptas provident alias incidunt incidunt id maxime.', '2013-05-08 20:14:44');
INSERT INTO `messages` (`id`, `from_user_id`, `to_user_id`, `body`, `created_at`) VALUES ('77', '97', '13', 'Qui dicta repudiandae aut qui sed cupiditate. Ut aspernatur voluptates ut doloremque natus. Porro quo vel magnam rerum dignissimos sequi ullam. Aut incidunt culpa id aliquid.', '2002-05-09 11:02:57');
INSERT INTO `messages` (`id`, `from_user_id`, `to_user_id`, `body`, `created_at`) VALUES ('78', '18', '44', 'Nemo autem vero dolore impedit consequuntur. Et illum voluptatem odit. Ipsum dolores ut veniam odio ullam et. Consequatur perferendis ut occaecati quasi voluptatibus.', '1977-08-22 08:13:16');
INSERT INTO `messages` (`id`, `from_user_id`, `to_user_id`, `body`, `created_at`) VALUES ('79', '92', '83', 'Ratione id esse natus voluptatem. Ea dolorum animi molestiae qui consequatur vel. Qui quia quos in aliquam dolor.', '1976-08-01 17:57:15');
INSERT INTO `messages` (`id`, `from_user_id`, `to_user_id`, `body`, `created_at`) VALUES ('80', '95', '99', 'Et quo non voluptate qui soluta et sed. Voluptatibus quia voluptas eum. Possimus omnis voluptas qui magnam atque unde nemo. Rem aperiam quis laborum ea repudiandae ab.', '2019-08-09 11:55:46');
INSERT INTO `messages` (`id`, `from_user_id`, `to_user_id`, `body`, `created_at`) VALUES ('81', '44', '53', 'Atque incidunt est dignissimos qui est unde ad assumenda. Id eos quasi rerum voluptate saepe animi consequatur repudiandae. Error labore tenetur qui cum similique non.', '1992-07-11 19:38:53');
INSERT INTO `messages` (`id`, `from_user_id`, `to_user_id`, `body`, `created_at`) VALUES ('82', '26', '96', 'Amet dicta iste sunt consequatur necessitatibus. Hic cum libero nihil nulla. Quas qui voluptas quo hic expedita autem laborum. Et quam velit soluta. A ducimus assumenda nemo autem.', '2002-05-21 02:18:19');
INSERT INTO `messages` (`id`, `from_user_id`, `to_user_id`, `body`, `created_at`) VALUES ('83', '76', '24', 'Nostrum assumenda quia dolores veniam cupiditate quasi. Natus assumenda in quam similique. Non repudiandae ab aut nam ipsum veniam hic.', '1993-06-21 10:18:24');
INSERT INTO `messages` (`id`, `from_user_id`, `to_user_id`, `body`, `created_at`) VALUES ('84', '62', '25', 'Dolores quasi placeat qui et voluptas odio ipsam. Error occaecati quaerat officiis sit iusto et cum. Soluta hic quo reprehenderit velit. Corrupti eum quo necessitatibus sed aut.', '2012-02-18 18:29:48');
INSERT INTO `messages` (`id`, `from_user_id`, `to_user_id`, `body`, `created_at`) VALUES ('85', '28', '91', 'Sed illo sint ab ut. In et officia unde dolore. Explicabo amet accusamus harum.', '1977-10-17 13:19:43');
INSERT INTO `messages` (`id`, `from_user_id`, `to_user_id`, `body`, `created_at`) VALUES ('86', '57', '49', 'Sint voluptates qui quos in iste suscipit exercitationem facilis. Accusantium optio doloribus ut velit odit iusto. Asperiores qui in perferendis quia accusantium laborum. Minus voluptatem et aut recusandae aliquam.', '1994-03-15 16:59:49');
INSERT INTO `messages` (`id`, `from_user_id`, `to_user_id`, `body`, `created_at`) VALUES ('87', '50', '25', 'Eos saepe impedit et cum accusantium distinctio in. Voluptas dolor cumque et aut doloribus aliquid dolorum. Tempora illo nihil accusamus commodi odit vel. Id qui rerum incidunt quibusdam qui quaerat.', '2015-05-31 11:07:33');
INSERT INTO `messages` (`id`, `from_user_id`, `to_user_id`, `body`, `created_at`) VALUES ('88', '29', '100', 'Sint fuga nemo molestiae voluptatem. Illum ut eligendi qui perferendis. Cum est sed rem vitae deleniti maxime excepturi. Distinctio et eveniet et ab suscipit.', '1985-02-16 12:16:19');
INSERT INTO `messages` (`id`, `from_user_id`, `to_user_id`, `body`, `created_at`) VALUES ('89', '4', '26', 'Dolorem optio nulla aliquid voluptates repellendus voluptas atque. Odio alias aperiam deserunt et. Eligendi quae eius minus perferendis commodi dolorum voluptas. Aut soluta nihil perspiciatis doloremque. Eveniet aspernatur repellat earum dolor.', '2009-11-16 22:27:03');
INSERT INTO `messages` (`id`, `from_user_id`, `to_user_id`, `body`, `created_at`) VALUES ('90', '36', '21', 'Sunt natus perspiciatis quia minus voluptate blanditiis. Distinctio dolor dolor explicabo aperiam amet labore. Ipsum eveniet neque ad consectetur.', '2004-05-22 19:20:48');
INSERT INTO `messages` (`id`, `from_user_id`, `to_user_id`, `body`, `created_at`) VALUES ('91', '97', '68', 'Est veniam esse tenetur dicta. Doloribus nihil pariatur molestiae saepe eaque est nostrum. Suscipit similique ut est repellat possimus ut rerum quo. Deserunt laboriosam ea quod nisi.', '1999-12-21 01:12:29');
INSERT INTO `messages` (`id`, `from_user_id`, `to_user_id`, `body`, `created_at`) VALUES ('92', '94', '53', 'Sit quos debitis quo velit quia. Iste delectus voluptates blanditiis sed doloribus in. Dicta beatae quibusdam quis tempore ut et perspiciatis. Sit eligendi velit a enim. Omnis dolorem asperiores perspiciatis eum saepe.', '1998-10-28 08:09:27');
INSERT INTO `messages` (`id`, `from_user_id`, `to_user_id`, `body`, `created_at`) VALUES ('93', '62', '22', 'Perspiciatis molestiae quo et est et. Corporis officia voluptatem et sequi magni quidem molestias. Sapiente dicta eos molestias veritatis.', '1989-02-01 09:36:55');
INSERT INTO `messages` (`id`, `from_user_id`, `to_user_id`, `body`, `created_at`) VALUES ('94', '96', '49', 'Aliquid dolorem quas deserunt magnam aliquam enim deleniti. Non nihil veniam nam eveniet necessitatibus. Temporibus odio nisi dolor nihil assumenda.', '2005-12-22 22:32:54');
INSERT INTO `messages` (`id`, `from_user_id`, `to_user_id`, `body`, `created_at`) VALUES ('95', '7', '40', 'Soluta accusamus asperiores eaque eos autem et optio. Minima velit accusamus qui ut ab et assumenda. Ut nam occaecati consequatur aut iure.', '1985-08-31 14:28:41');
INSERT INTO `messages` (`id`, `from_user_id`, `to_user_id`, `body`, `created_at`) VALUES ('96', '5', '60', 'Beatae voluptatem cum est excepturi enim. Et et distinctio eum. Dolores dignissimos voluptas architecto eum aut.', '2021-12-16 06:49:55');
INSERT INTO `messages` (`id`, `from_user_id`, `to_user_id`, `body`, `created_at`) VALUES ('97', '16', '68', 'Illum qui exercitationem nam quis esse iusto atque quam. Nobis magni cupiditate a ipsum qui. Molestiae sit voluptates laboriosam sit. Sequi perspiciatis rerum sit.', '2018-02-15 10:08:02');
INSERT INTO `messages` (`id`, `from_user_id`, `to_user_id`, `body`, `created_at`) VALUES ('98', '77', '67', 'Dolor est velit aspernatur ut sit quam quia possimus. At enim porro facere dolore voluptatem eius provident. Ipsum labore reiciendis est deserunt ullam provident facere. Maiores sint repellat aut accusantium.', '1974-02-20 03:30:00');
INSERT INTO `messages` (`id`, `from_user_id`, `to_user_id`, `body`, `created_at`) VALUES ('99', '26', '22', 'Vel ut in explicabo. Qui explicabo illum et qui.', '2007-01-06 04:31:19');
INSERT INTO `messages` (`id`, `from_user_id`, `to_user_id`, `body`, `created_at`) VALUES ('100', '7', '94', 'Aut non perspiciatis corporis minima eum voluptatem. Id voluptatibus similique rem. Excepturi veniam qui itaque ducimus enim corrupti velit fuga. Autem maxime est asperiores rerum.', '1973-08-26 01:28:40');


#
# TABLE STRUCTURE FOR: photo_albums
#

DROP TABLE IF EXISTS `photo_albums`;

CREATE TABLE `photo_albums` (
  `id` bigint(20) unsigned NOT NULL AUTO_INCREMENT,
  `name` varchar(255) COLLATE utf8mb4_unicode_ci DEFAULT NULL,
  `user_id` bigint(20) unsigned DEFAULT NULL,
  PRIMARY KEY (`id`),
  UNIQUE KEY `id` (`id`),
  KEY `user_id` (`user_id`),
  CONSTRAINT `photo_albums_ibfk_1` FOREIGN KEY (`user_id`) REFERENCES `users` (`id`) ON DELETE SET NULL ON UPDATE CASCADE
) ENGINE=InnoDB AUTO_INCREMENT=101 DEFAULT CHARSET=utf8mb4 COLLATE=utf8mb4_unicode_ci;

INSERT INTO `photo_albums` (`id`, `name`, `user_id`) VALUES ('1', 'aut', '21');
INSERT INTO `photo_albums` (`id`, `name`, `user_id`) VALUES ('2', 'dolores', '43');
INSERT INTO `photo_albums` (`id`, `name`, `user_id`) VALUES ('3', 'cupiditate', '24');
INSERT INTO `photo_albums` (`id`, `name`, `user_id`) VALUES ('4', 'vitae', '81');
INSERT INTO `photo_albums` (`id`, `name`, `user_id`) VALUES ('5', 'cupiditate', '46');
INSERT INTO `photo_albums` (`id`, `name`, `user_id`) VALUES ('6', 'et', '70');
INSERT INTO `photo_albums` (`id`, `name`, `user_id`) VALUES ('7', 'et', '1');
INSERT INTO `photo_albums` (`id`, `name`, `user_id`) VALUES ('8', 'est', '55');
INSERT INTO `photo_albums` (`id`, `name`, `user_id`) VALUES ('9', 'aspernatur', '72');
INSERT INTO `photo_albums` (`id`, `name`, `user_id`) VALUES ('10', 'ad', '35');
INSERT INTO `photo_albums` (`id`, `name`, `user_id`) VALUES ('11', 'dolor', '45');
INSERT INTO `photo_albums` (`id`, `name`, `user_id`) VALUES ('12', 'occaecati', '58');
INSERT INTO `photo_albums` (`id`, `name`, `user_id`) VALUES ('13', 'ut', '96');
INSERT INTO `photo_albums` (`id`, `name`, `user_id`) VALUES ('14', 'voluptatum', '3');
INSERT INTO `photo_albums` (`id`, `name`, `user_id`) VALUES ('15', 'sit', '55');
INSERT INTO `photo_albums` (`id`, `name`, `user_id`) VALUES ('16', 'sequi', '56');
INSERT INTO `photo_albums` (`id`, `name`, `user_id`) VALUES ('17', 'et', '73');
INSERT INTO `photo_albums` (`id`, `name`, `user_id`) VALUES ('18', 'error', '76');
INSERT INTO `photo_albums` (`id`, `name`, `user_id`) VALUES ('19', 'eius', '14');
INSERT INTO `photo_albums` (`id`, `name`, `user_id`) VALUES ('20', 'facilis', '58');
INSERT INTO `photo_albums` (`id`, `name`, `user_id`) VALUES ('21', 'autem', '85');
INSERT INTO `photo_albums` (`id`, `name`, `user_id`) VALUES ('22', 'cum', '67');
INSERT INTO `photo_albums` (`id`, `name`, `user_id`) VALUES ('23', 'omnis', '98');
INSERT INTO `photo_albums` (`id`, `name`, `user_id`) VALUES ('24', 'deserunt', '44');
INSERT INTO `photo_albums` (`id`, `name`, `user_id`) VALUES ('25', 'voluptatem', '45');
INSERT INTO `photo_albums` (`id`, `name`, `user_id`) VALUES ('26', 'necessitatibus', '94');
INSERT INTO `photo_albums` (`id`, `name`, `user_id`) VALUES ('27', 'facere', '16');
INSERT INTO `photo_albums` (`id`, `name`, `user_id`) VALUES ('28', 'dicta', '38');
INSERT INTO `photo_albums` (`id`, `name`, `user_id`) VALUES ('29', 'doloribus', '95');
INSERT INTO `photo_albums` (`id`, `name`, `user_id`) VALUES ('30', 'excepturi', '34');
INSERT INTO `photo_albums` (`id`, `name`, `user_id`) VALUES ('31', 'repellat', '41');
INSERT INTO `photo_albums` (`id`, `name`, `user_id`) VALUES ('32', 'consequatur', '88');
INSERT INTO `photo_albums` (`id`, `name`, `user_id`) VALUES ('33', 'quibusdam', '23');
INSERT INTO `photo_albums` (`id`, `name`, `user_id`) VALUES ('34', 'molestiae', '23');
INSERT INTO `photo_albums` (`id`, `name`, `user_id`) VALUES ('35', 'quos', '4');
INSERT INTO `photo_albums` (`id`, `name`, `user_id`) VALUES ('36', 'qui', '96');
INSERT INTO `photo_albums` (`id`, `name`, `user_id`) VALUES ('37', 'itaque', '57');
INSERT INTO `photo_albums` (`id`, `name`, `user_id`) VALUES ('38', 'quo', '87');
INSERT INTO `photo_albums` (`id`, `name`, `user_id`) VALUES ('39', 'dolore', '36');
INSERT INTO `photo_albums` (`id`, `name`, `user_id`) VALUES ('40', 'minus', '99');
INSERT INTO `photo_albums` (`id`, `name`, `user_id`) VALUES ('41', 'magnam', '14');
INSERT INTO `photo_albums` (`id`, `name`, `user_id`) VALUES ('42', 'aliquam', '64');
INSERT INTO `photo_albums` (`id`, `name`, `user_id`) VALUES ('43', 'amet', '16');
INSERT INTO `photo_albums` (`id`, `name`, `user_id`) VALUES ('44', 'incidunt', '42');
INSERT INTO `photo_albums` (`id`, `name`, `user_id`) VALUES ('45', 'autem', '71');
INSERT INTO `photo_albums` (`id`, `name`, `user_id`) VALUES ('46', 'iusto', '37');
INSERT INTO `photo_albums` (`id`, `name`, `user_id`) VALUES ('47', 'nam', '84');
INSERT INTO `photo_albums` (`id`, `name`, `user_id`) VALUES ('48', 'illo', '63');
INSERT INTO `photo_albums` (`id`, `name`, `user_id`) VALUES ('49', 'atque', '82');
INSERT INTO `photo_albums` (`id`, `name`, `user_id`) VALUES ('50', 'rerum', '67');
INSERT INTO `photo_albums` (`id`, `name`, `user_id`) VALUES ('51', 'unde', '56');
INSERT INTO `photo_albums` (`id`, `name`, `user_id`) VALUES ('52', 'fuga', '39');
INSERT INTO `photo_albums` (`id`, `name`, `user_id`) VALUES ('53', 'dolorem', '85');
INSERT INTO `photo_albums` (`id`, `name`, `user_id`) VALUES ('54', 'ipsam', '22');
INSERT INTO `photo_albums` (`id`, `name`, `user_id`) VALUES ('55', 'provident', '35');
INSERT INTO `photo_albums` (`id`, `name`, `user_id`) VALUES ('56', 'debitis', '10');
INSERT INTO `photo_albums` (`id`, `name`, `user_id`) VALUES ('57', 'occaecati', '24');
INSERT INTO `photo_albums` (`id`, `name`, `user_id`) VALUES ('58', 'aut', '4');
INSERT INTO `photo_albums` (`id`, `name`, `user_id`) VALUES ('59', 'et', '82');
INSERT INTO `photo_albums` (`id`, `name`, `user_id`) VALUES ('60', 'facilis', '86');
INSERT INTO `photo_albums` (`id`, `name`, `user_id`) VALUES ('61', 'incidunt', '70');
INSERT INTO `photo_albums` (`id`, `name`, `user_id`) VALUES ('62', 'aperiam', '100');
INSERT INTO `photo_albums` (`id`, `name`, `user_id`) VALUES ('63', 'ex', '13');
INSERT INTO `photo_albums` (`id`, `name`, `user_id`) VALUES ('64', 'laudantium', '95');
INSERT INTO `photo_albums` (`id`, `name`, `user_id`) VALUES ('65', 'non', '10');
INSERT INTO `photo_albums` (`id`, `name`, `user_id`) VALUES ('66', 'animi', '49');
INSERT INTO `photo_albums` (`id`, `name`, `user_id`) VALUES ('67', 'enim', '51');
INSERT INTO `photo_albums` (`id`, `name`, `user_id`) VALUES ('68', 'occaecati', '38');
INSERT INTO `photo_albums` (`id`, `name`, `user_id`) VALUES ('69', 'vitae', '91');
INSERT INTO `photo_albums` (`id`, `name`, `user_id`) VALUES ('70', 'autem', '51');
INSERT INTO `photo_albums` (`id`, `name`, `user_id`) VALUES ('71', 'esse', '89');
INSERT INTO `photo_albums` (`id`, `name`, `user_id`) VALUES ('72', 'sequi', '79');
INSERT INTO `photo_albums` (`id`, `name`, `user_id`) VALUES ('73', 'odio', '59');
INSERT INTO `photo_albums` (`id`, `name`, `user_id`) VALUES ('74', 'consequuntur', '72');
INSERT INTO `photo_albums` (`id`, `name`, `user_id`) VALUES ('75', 'rerum', '80');
INSERT INTO `photo_albums` (`id`, `name`, `user_id`) VALUES ('76', 'occaecati', '82');
INSERT INTO `photo_albums` (`id`, `name`, `user_id`) VALUES ('77', 'inventore', '50');
INSERT INTO `photo_albums` (`id`, `name`, `user_id`) VALUES ('78', 'sequi', '69');
INSERT INTO `photo_albums` (`id`, `name`, `user_id`) VALUES ('79', 'veritatis', '14');
INSERT INTO `photo_albums` (`id`, `name`, `user_id`) VALUES ('80', 'rerum', '22');
INSERT INTO `photo_albums` (`id`, `name`, `user_id`) VALUES ('81', 'distinctio', '74');
INSERT INTO `photo_albums` (`id`, `name`, `user_id`) VALUES ('82', 'aut', '33');
INSERT INTO `photo_albums` (`id`, `name`, `user_id`) VALUES ('83', 'consequatur', '66');
INSERT INTO `photo_albums` (`id`, `name`, `user_id`) VALUES ('84', 'eveniet', '21');
INSERT INTO `photo_albums` (`id`, `name`, `user_id`) VALUES ('85', 'minus', '18');
INSERT INTO `photo_albums` (`id`, `name`, `user_id`) VALUES ('86', 'delectus', '98');
INSERT INTO `photo_albums` (`id`, `name`, `user_id`) VALUES ('87', 'id', '69');
INSERT INTO `photo_albums` (`id`, `name`, `user_id`) VALUES ('88', 'sed', '4');
INSERT INTO `photo_albums` (`id`, `name`, `user_id`) VALUES ('89', 'velit', '70');
INSERT INTO `photo_albums` (`id`, `name`, `user_id`) VALUES ('90', 'repellendus', '17');
INSERT INTO `photo_albums` (`id`, `name`, `user_id`) VALUES ('91', 'unde', '4');
INSERT INTO `photo_albums` (`id`, `name`, `user_id`) VALUES ('92', 'facilis', '19');
INSERT INTO `photo_albums` (`id`, `name`, `user_id`) VALUES ('93', 'quia', '94');
INSERT INTO `photo_albums` (`id`, `name`, `user_id`) VALUES ('94', 'et', '32');
INSERT INTO `photo_albums` (`id`, `name`, `user_id`) VALUES ('95', 'voluptatem', '43');
INSERT INTO `photo_albums` (`id`, `name`, `user_id`) VALUES ('96', 'nulla', '15');
INSERT INTO `photo_albums` (`id`, `name`, `user_id`) VALUES ('97', 'et', '29');
INSERT INTO `photo_albums` (`id`, `name`, `user_id`) VALUES ('98', 'veniam', '4');
INSERT INTO `photo_albums` (`id`, `name`, `user_id`) VALUES ('99', 'alias', '51');
INSERT INTO `photo_albums` (`id`, `name`, `user_id`) VALUES ('100', 'nostrum', '6');


#
# TABLE STRUCTURE FOR: photos
#

DROP TABLE IF EXISTS `photos`;

CREATE TABLE `photos` (
  `id` bigint(20) unsigned NOT NULL AUTO_INCREMENT,
  `album_id` bigint(20) unsigned NOT NULL,
  `media_id` bigint(20) unsigned NOT NULL,
  PRIMARY KEY (`id`),
  KEY `album_id` (`album_id`),
  KEY `media_id` (`media_id`),
  CONSTRAINT `photos_ibfk_1` FOREIGN KEY (`album_id`) REFERENCES `photo_albums` (`id`) ON DELETE CASCADE ON UPDATE CASCADE,
  CONSTRAINT `photos_ibfk_2` FOREIGN KEY (`media_id`) REFERENCES `media` (`id`) ON DELETE CASCADE ON UPDATE CASCADE
) ENGINE=InnoDB AUTO_INCREMENT=101 DEFAULT CHARSET=utf8mb4 COLLATE=utf8mb4_unicode_ci;

INSERT INTO `photos` (`id`, `album_id`, `media_id`) VALUES ('1', '86', '22');
INSERT INTO `photos` (`id`, `album_id`, `media_id`) VALUES ('2', '65', '68');
INSERT INTO `photos` (`id`, `album_id`, `media_id`) VALUES ('3', '13', '3');
INSERT INTO `photos` (`id`, `album_id`, `media_id`) VALUES ('4', '40', '92');
INSERT INTO `photos` (`id`, `album_id`, `media_id`) VALUES ('5', '4', '21');
INSERT INTO `photos` (`id`, `album_id`, `media_id`) VALUES ('6', '20', '9');
INSERT INTO `photos` (`id`, `album_id`, `media_id`) VALUES ('7', '82', '41');
INSERT INTO `photos` (`id`, `album_id`, `media_id`) VALUES ('8', '61', '43');
INSERT INTO `photos` (`id`, `album_id`, `media_id`) VALUES ('9', '23', '88');
INSERT INTO `photos` (`id`, `album_id`, `media_id`) VALUES ('10', '46', '82');
INSERT INTO `photos` (`id`, `album_id`, `media_id`) VALUES ('11', '19', '27');
INSERT INTO `photos` (`id`, `album_id`, `media_id`) VALUES ('12', '14', '98');
INSERT INTO `photos` (`id`, `album_id`, `media_id`) VALUES ('13', '45', '95');
INSERT INTO `photos` (`id`, `album_id`, `media_id`) VALUES ('14', '34', '15');
INSERT INTO `photos` (`id`, `album_id`, `media_id`) VALUES ('15', '99', '22');
INSERT INTO `photos` (`id`, `album_id`, `media_id`) VALUES ('16', '99', '79');
INSERT INTO `photos` (`id`, `album_id`, `media_id`) VALUES ('17', '72', '33');
INSERT INTO `photos` (`id`, `album_id`, `media_id`) VALUES ('18', '43', '74');
INSERT INTO `photos` (`id`, `album_id`, `media_id`) VALUES ('19', '39', '76');
INSERT INTO `photos` (`id`, `album_id`, `media_id`) VALUES ('20', '98', '98');
INSERT INTO `photos` (`id`, `album_id`, `media_id`) VALUES ('21', '66', '25');
INSERT INTO `photos` (`id`, `album_id`, `media_id`) VALUES ('22', '34', '84');
INSERT INTO `photos` (`id`, `album_id`, `media_id`) VALUES ('23', '59', '41');
INSERT INTO `photos` (`id`, `album_id`, `media_id`) VALUES ('24', '38', '43');
INSERT INTO `photos` (`id`, `album_id`, `media_id`) VALUES ('25', '44', '66');
INSERT INTO `photos` (`id`, `album_id`, `media_id`) VALUES ('26', '31', '63');
INSERT INTO `photos` (`id`, `album_id`, `media_id`) VALUES ('27', '96', '31');
INSERT INTO `photos` (`id`, `album_id`, `media_id`) VALUES ('28', '93', '90');
INSERT INTO `photos` (`id`, `album_id`, `media_id`) VALUES ('29', '52', '91');
INSERT INTO `photos` (`id`, `album_id`, `media_id`) VALUES ('30', '11', '2');
INSERT INTO `photos` (`id`, `album_id`, `media_id`) VALUES ('31', '46', '28');
INSERT INTO `photos` (`id`, `album_id`, `media_id`) VALUES ('32', '15', '92');
INSERT INTO `photos` (`id`, `album_id`, `media_id`) VALUES ('33', '36', '40');
INSERT INTO `photos` (`id`, `album_id`, `media_id`) VALUES ('34', '82', '39');
INSERT INTO `photos` (`id`, `album_id`, `media_id`) VALUES ('35', '77', '94');
INSERT INTO `photos` (`id`, `album_id`, `media_id`) VALUES ('36', '8', '28');
INSERT INTO `photos` (`id`, `album_id`, `media_id`) VALUES ('37', '36', '88');
INSERT INTO `photos` (`id`, `album_id`, `media_id`) VALUES ('38', '73', '82');
INSERT INTO `photos` (`id`, `album_id`, `media_id`) VALUES ('39', '5', '46');
INSERT INTO `photos` (`id`, `album_id`, `media_id`) VALUES ('40', '78', '31');
INSERT INTO `photos` (`id`, `album_id`, `media_id`) VALUES ('41', '30', '57');
INSERT INTO `photos` (`id`, `album_id`, `media_id`) VALUES ('42', '52', '67');
INSERT INTO `photos` (`id`, `album_id`, `media_id`) VALUES ('43', '72', '76');
INSERT INTO `photos` (`id`, `album_id`, `media_id`) VALUES ('44', '98', '22');
INSERT INTO `photos` (`id`, `album_id`, `media_id`) VALUES ('45', '27', '10');
INSERT INTO `photos` (`id`, `album_id`, `media_id`) VALUES ('46', '48', '98');
INSERT INTO `photos` (`id`, `album_id`, `media_id`) VALUES ('47', '34', '40');
INSERT INTO `photos` (`id`, `album_id`, `media_id`) VALUES ('48', '27', '24');
INSERT INTO `photos` (`id`, `album_id`, `media_id`) VALUES ('49', '59', '98');
INSERT INTO `photos` (`id`, `album_id`, `media_id`) VALUES ('50', '51', '100');
INSERT INTO `photos` (`id`, `album_id`, `media_id`) VALUES ('51', '55', '91');
INSERT INTO `photos` (`id`, `album_id`, `media_id`) VALUES ('52', '82', '14');
INSERT INTO `photos` (`id`, `album_id`, `media_id`) VALUES ('53', '68', '12');
INSERT INTO `photos` (`id`, `album_id`, `media_id`) VALUES ('54', '15', '2');
INSERT INTO `photos` (`id`, `album_id`, `media_id`) VALUES ('55', '64', '88');
INSERT INTO `photos` (`id`, `album_id`, `media_id`) VALUES ('56', '86', '10');
INSERT INTO `photos` (`id`, `album_id`, `media_id`) VALUES ('57', '70', '30');
INSERT INTO `photos` (`id`, `album_id`, `media_id`) VALUES ('58', '72', '8');
INSERT INTO `photos` (`id`, `album_id`, `media_id`) VALUES ('59', '72', '18');
INSERT INTO `photos` (`id`, `album_id`, `media_id`) VALUES ('60', '84', '83');
INSERT INTO `photos` (`id`, `album_id`, `media_id`) VALUES ('61', '15', '36');
INSERT INTO `photos` (`id`, `album_id`, `media_id`) VALUES ('62', '44', '29');
INSERT INTO `photos` (`id`, `album_id`, `media_id`) VALUES ('63', '92', '92');
INSERT INTO `photos` (`id`, `album_id`, `media_id`) VALUES ('64', '16', '59');
INSERT INTO `photos` (`id`, `album_id`, `media_id`) VALUES ('65', '93', '52');
INSERT INTO `photos` (`id`, `album_id`, `media_id`) VALUES ('66', '80', '74');
INSERT INTO `photos` (`id`, `album_id`, `media_id`) VALUES ('67', '73', '62');
INSERT INTO `photos` (`id`, `album_id`, `media_id`) VALUES ('68', '15', '26');
INSERT INTO `photos` (`id`, `album_id`, `media_id`) VALUES ('69', '18', '42');
INSERT INTO `photos` (`id`, `album_id`, `media_id`) VALUES ('70', '39', '53');
INSERT INTO `photos` (`id`, `album_id`, `media_id`) VALUES ('71', '54', '52');
INSERT INTO `photos` (`id`, `album_id`, `media_id`) VALUES ('72', '33', '22');
INSERT INTO `photos` (`id`, `album_id`, `media_id`) VALUES ('73', '30', '26');
INSERT INTO `photos` (`id`, `album_id`, `media_id`) VALUES ('74', '40', '47');
INSERT INTO `photos` (`id`, `album_id`, `media_id`) VALUES ('75', '51', '29');
INSERT INTO `photos` (`id`, `album_id`, `media_id`) VALUES ('76', '49', '40');
INSERT INTO `photos` (`id`, `album_id`, `media_id`) VALUES ('77', '19', '98');
INSERT INTO `photos` (`id`, `album_id`, `media_id`) VALUES ('78', '52', '31');
INSERT INTO `photos` (`id`, `album_id`, `media_id`) VALUES ('79', '70', '44');
INSERT INTO `photos` (`id`, `album_id`, `media_id`) VALUES ('80', '71', '34');
INSERT INTO `photos` (`id`, `album_id`, `media_id`) VALUES ('81', '36', '64');
INSERT INTO `photos` (`id`, `album_id`, `media_id`) VALUES ('82', '25', '51');
INSERT INTO `photos` (`id`, `album_id`, `media_id`) VALUES ('83', '90', '81');
INSERT INTO `photos` (`id`, `album_id`, `media_id`) VALUES ('84', '82', '100');
INSERT INTO `photos` (`id`, `album_id`, `media_id`) VALUES ('85', '78', '81');
INSERT INTO `photos` (`id`, `album_id`, `media_id`) VALUES ('86', '15', '16');
INSERT INTO `photos` (`id`, `album_id`, `media_id`) VALUES ('87', '88', '73');
INSERT INTO `photos` (`id`, `album_id`, `media_id`) VALUES ('88', '29', '93');
INSERT INTO `photos` (`id`, `album_id`, `media_id`) VALUES ('89', '51', '1');
INSERT INTO `photos` (`id`, `album_id`, `media_id`) VALUES ('90', '8', '45');
INSERT INTO `photos` (`id`, `album_id`, `media_id`) VALUES ('91', '23', '21');
INSERT INTO `photos` (`id`, `album_id`, `media_id`) VALUES ('92', '43', '13');
INSERT INTO `photos` (`id`, `album_id`, `media_id`) VALUES ('93', '92', '92');
INSERT INTO `photos` (`id`, `album_id`, `media_id`) VALUES ('94', '63', '63');
INSERT INTO `photos` (`id`, `album_id`, `media_id`) VALUES ('95', '80', '94');
INSERT INTO `photos` (`id`, `album_id`, `media_id`) VALUES ('96', '23', '79');
INSERT INTO `photos` (`id`, `album_id`, `media_id`) VALUES ('97', '10', '69');
INSERT INTO `photos` (`id`, `album_id`, `media_id`) VALUES ('98', '95', '52');
INSERT INTO `photos` (`id`, `album_id`, `media_id`) VALUES ('99', '44', '50');
INSERT INTO `photos` (`id`, `album_id`, `media_id`) VALUES ('100', '43', '76');


#
# TABLE STRUCTURE FOR: profiles
#

DROP TABLE IF EXISTS `profiles`;

CREATE TABLE `profiles` (
  `user_id` bigint(20) unsigned NOT NULL AUTO_INCREMENT,
  `gender` char(1) COLLATE utf8mb4_unicode_ci DEFAULT NULL,
  `birthday` date DEFAULT NULL,
  `photo_id` bigint(20) unsigned DEFAULT NULL,
  `created_at` datetime DEFAULT current_timestamp(),
  `hometown` varchar(100) COLLATE utf8mb4_unicode_ci DEFAULT NULL,
  PRIMARY KEY (`user_id`),
  KEY `fk_photo_id` (`photo_id`),
  CONSTRAINT `fk_photo_id` FOREIGN KEY (`photo_id`) REFERENCES `photos` (`id`) ON DELETE SET NULL ON UPDATE CASCADE,
  CONSTRAINT `fk_user_id` FOREIGN KEY (`user_id`) REFERENCES `users` (`id`) ON DELETE CASCADE ON UPDATE CASCADE
) ENGINE=InnoDB AUTO_INCREMENT=101 DEFAULT CHARSET=utf8mb4 COLLATE=utf8mb4_unicode_ci;

INSERT INTO `profiles` (`user_id`, `gender`, `birthday`, `photo_id`, `created_at`, `hometown`) VALUES ('1', 'f', '2012-12-02', '90', '1976-05-16 07:49:45', 'Kiehnbury');
INSERT INTO `profiles` (`user_id`, `gender`, `birthday`, `photo_id`, `created_at`, `hometown`) VALUES ('2', 'f', '2012-11-05', '33', '2001-08-28 16:49:55', 'Rennerside');
INSERT INTO `profiles` (`user_id`, `gender`, `birthday`, `photo_id`, `created_at`, `hometown`) VALUES ('3', 'f', '2008-05-08', '88', '2014-02-01 01:16:04', 'Nicklausstad');
INSERT INTO `profiles` (`user_id`, `gender`, `birthday`, `photo_id`, `created_at`, `hometown`) VALUES ('4', 'm', '1998-10-17', '60', '2020-03-10 12:24:31', 'Lake Hattieborough');
INSERT INTO `profiles` (`user_id`, `gender`, `birthday`, `photo_id`, `created_at`, `hometown`) VALUES ('5', 'm', '1977-05-25', '53', '1999-07-30 19:13:49', 'South Eli');
INSERT INTO `profiles` (`user_id`, `gender`, `birthday`, `photo_id`, `created_at`, `hometown`) VALUES ('6', 'f', '1986-12-27', '95', '2021-12-30 04:30:02', 'Ettiemouth');
INSERT INTO `profiles` (`user_id`, `gender`, `birthday`, `photo_id`, `created_at`, `hometown`) VALUES ('7', 'm', '2000-03-31', '99', '1989-10-19 12:36:11', 'New Lavernberg');
INSERT INTO `profiles` (`user_id`, `gender`, `birthday`, `photo_id`, `created_at`, `hometown`) VALUES ('8', 'm', '1993-11-24', '76', '1997-10-03 11:29:30', 'Fabiolatown');
INSERT INTO `profiles` (`user_id`, `gender`, `birthday`, `photo_id`, `created_at`, `hometown`) VALUES ('9', 'f', '2004-05-22', '40', '2008-04-16 07:42:43', 'East Ervin');
INSERT INTO `profiles` (`user_id`, `gender`, `birthday`, `photo_id`, `created_at`, `hometown`) VALUES ('10', 'f', '2004-09-25', '77', '2016-05-18 17:25:27', 'Goodwinshire');
INSERT INTO `profiles` (`user_id`, `gender`, `birthday`, `photo_id`, `created_at`, `hometown`) VALUES ('11', 'f', '1981-02-02', '70', '2021-04-13 21:17:10', 'Elinoreport');
INSERT INTO `profiles` (`user_id`, `gender`, `birthday`, `photo_id`, `created_at`, `hometown`) VALUES ('12', 'm', '1997-10-27', '38', '2017-01-08 20:36:37', 'North Ava');
INSERT INTO `profiles` (`user_id`, `gender`, `birthday`, `photo_id`, `created_at`, `hometown`) VALUES ('13', 'm', '1991-02-04', '88', '2006-02-18 17:42:27', 'West Ellen');
INSERT INTO `profiles` (`user_id`, `gender`, `birthday`, `photo_id`, `created_at`, `hometown`) VALUES ('14', 'f', '1971-09-05', '8', '1972-06-04 04:11:43', 'North Simeon');
INSERT INTO `profiles` (`user_id`, `gender`, `birthday`, `photo_id`, `created_at`, `hometown`) VALUES ('15', 'm', '2015-05-11', '58', '1986-01-03 02:56:00', 'West Westleyfurt');
INSERT INTO `profiles` (`user_id`, `gender`, `birthday`, `photo_id`, `created_at`, `hometown`) VALUES ('16', 'f', '1973-08-10', '39', '2000-02-13 18:14:14', 'Caspershire');
INSERT INTO `profiles` (`user_id`, `gender`, `birthday`, `photo_id`, `created_at`, `hometown`) VALUES ('17', 'f', '1970-04-16', '21', '2020-07-29 00:46:21', 'East Adelineside');
INSERT INTO `profiles` (`user_id`, `gender`, `birthday`, `photo_id`, `created_at`, `hometown`) VALUES ('18', 'm', '2022-04-14', '59', '2022-02-03 15:44:36', 'Gerhardside');
INSERT INTO `profiles` (`user_id`, `gender`, `birthday`, `photo_id`, `created_at`, `hometown`) VALUES ('19', 'f', '2020-09-10', '81', '2000-06-04 18:27:22', 'North Dariana');
INSERT INTO `profiles` (`user_id`, `gender`, `birthday`, `photo_id`, `created_at`, `hometown`) VALUES ('20', 'f', '2018-03-09', '6', '1998-04-07 12:33:35', 'Marquardtfort');
INSERT INTO `profiles` (`user_id`, `gender`, `birthday`, `photo_id`, `created_at`, `hometown`) VALUES ('21', 'm', '2021-05-10', '16', '1981-05-09 19:33:53', 'Connshire');
INSERT INTO `profiles` (`user_id`, `gender`, `birthday`, `photo_id`, `created_at`, `hometown`) VALUES ('22', 'f', '2015-01-08', '84', '1999-07-05 05:46:56', 'Port Antwon');
INSERT INTO `profiles` (`user_id`, `gender`, `birthday`, `photo_id`, `created_at`, `hometown`) VALUES ('23', 'f', '2009-03-08', '55', '1981-12-16 21:32:36', 'West Tarafort');
INSERT INTO `profiles` (`user_id`, `gender`, `birthday`, `photo_id`, `created_at`, `hometown`) VALUES ('24', 'm', '2009-07-30', '9', '1979-10-04 15:57:03', 'Camdenburgh');
INSERT INTO `profiles` (`user_id`, `gender`, `birthday`, `photo_id`, `created_at`, `hometown`) VALUES ('25', 'm', '1971-11-04', '13', '1971-07-17 22:16:40', 'West Ernest');
INSERT INTO `profiles` (`user_id`, `gender`, `birthday`, `photo_id`, `created_at`, `hometown`) VALUES ('26', 'm', '2015-09-29', '100', '1980-08-26 06:05:52', 'Connellystad');
INSERT INTO `profiles` (`user_id`, `gender`, `birthday`, `photo_id`, `created_at`, `hometown`) VALUES ('27', 'f', '1974-02-03', '89', '1992-01-09 06:13:24', 'Rueckerberg');
INSERT INTO `profiles` (`user_id`, `gender`, `birthday`, `photo_id`, `created_at`, `hometown`) VALUES ('28', 'm', '1970-09-11', '7', '1991-02-23 16:25:46', 'East Angelita');
INSERT INTO `profiles` (`user_id`, `gender`, `birthday`, `photo_id`, `created_at`, `hometown`) VALUES ('29', 'm', '1978-04-13', '88', '2020-02-19 02:05:28', 'Cecilechester');
INSERT INTO `profiles` (`user_id`, `gender`, `birthday`, `photo_id`, `created_at`, `hometown`) VALUES ('30', 'f', '1988-11-15', '96', '2009-11-26 23:10:59', 'Lake Ben');
INSERT INTO `profiles` (`user_id`, `gender`, `birthday`, `photo_id`, `created_at`, `hometown`) VALUES ('31', 'm', '2003-08-20', '32', '1975-03-07 14:36:33', 'West Jocelynchester');
INSERT INTO `profiles` (`user_id`, `gender`, `birthday`, `photo_id`, `created_at`, `hometown`) VALUES ('32', 'm', '2018-10-19', '16', '2002-01-22 16:20:09', 'East Treva');
INSERT INTO `profiles` (`user_id`, `gender`, `birthday`, `photo_id`, `created_at`, `hometown`) VALUES ('33', 'f', '2011-02-12', '46', '2016-05-26 12:12:20', 'Port Pattie');
INSERT INTO `profiles` (`user_id`, `gender`, `birthday`, `photo_id`, `created_at`, `hometown`) VALUES ('34', 'f', '1979-11-21', '99', '1987-10-20 23:44:50', 'East Jovanville');
INSERT INTO `profiles` (`user_id`, `gender`, `birthday`, `photo_id`, `created_at`, `hometown`) VALUES ('35', 'm', '1981-08-10', '37', '1972-04-10 19:56:13', 'South Noemy');
INSERT INTO `profiles` (`user_id`, `gender`, `birthday`, `photo_id`, `created_at`, `hometown`) VALUES ('36', 'f', '2006-06-12', '88', '1978-07-28 07:32:39', 'Waelchibury');
INSERT INTO `profiles` (`user_id`, `gender`, `birthday`, `photo_id`, `created_at`, `hometown`) VALUES ('37', 'm', '1975-03-27', '3', '2002-08-06 18:36:01', 'North Sonia');
INSERT INTO `profiles` (`user_id`, `gender`, `birthday`, `photo_id`, `created_at`, `hometown`) VALUES ('38', 'f', '2002-11-30', '15', '2000-03-10 06:05:04', 'Mitchellstad');
INSERT INTO `profiles` (`user_id`, `gender`, `birthday`, `photo_id`, `created_at`, `hometown`) VALUES ('39', 'f', '2020-05-23', '79', '1992-01-30 06:00:47', 'West Felipashire');
INSERT INTO `profiles` (`user_id`, `gender`, `birthday`, `photo_id`, `created_at`, `hometown`) VALUES ('40', 'm', '1975-02-28', '85', '2018-03-16 23:49:21', 'Port April');
INSERT INTO `profiles` (`user_id`, `gender`, `birthday`, `photo_id`, `created_at`, `hometown`) VALUES ('41', 'f', '2014-04-01', '54', '2006-02-25 05:59:54', 'West Wava');
INSERT INTO `profiles` (`user_id`, `gender`, `birthday`, `photo_id`, `created_at`, `hometown`) VALUES ('42', 'f', '1993-02-02', '24', '1984-07-14 11:59:32', 'Lake Adaline');
INSERT INTO `profiles` (`user_id`, `gender`, `birthday`, `photo_id`, `created_at`, `hometown`) VALUES ('43', 'f', '1979-04-13', '98', '1973-09-13 23:55:52', 'Jacefort');
INSERT INTO `profiles` (`user_id`, `gender`, `birthday`, `photo_id`, `created_at`, `hometown`) VALUES ('44', 'f', '1998-12-15', '20', '1996-10-08 22:24:40', 'Legrosstad');
INSERT INTO `profiles` (`user_id`, `gender`, `birthday`, `photo_id`, `created_at`, `hometown`) VALUES ('45', 'm', '1990-05-01', '2', '2010-04-23 05:20:21', 'Port Madelyn');
INSERT INTO `profiles` (`user_id`, `gender`, `birthday`, `photo_id`, `created_at`, `hometown`) VALUES ('46', 'f', '1990-05-15', '18', '2007-10-10 07:31:33', 'New Nathaniel');
INSERT INTO `profiles` (`user_id`, `gender`, `birthday`, `photo_id`, `created_at`, `hometown`) VALUES ('47', 'f', '1989-08-16', '27', '2014-05-24 20:26:43', 'Maximilianberg');
INSERT INTO `profiles` (`user_id`, `gender`, `birthday`, `photo_id`, `created_at`, `hometown`) VALUES ('48', 'm', '1981-07-25', '5', '2014-03-12 18:19:22', 'Alftown');
INSERT INTO `profiles` (`user_id`, `gender`, `birthday`, `photo_id`, `created_at`, `hometown`) VALUES ('49', 'm', '1979-04-19', '12', '1993-02-02 01:14:14', 'South Rossshire');
INSERT INTO `profiles` (`user_id`, `gender`, `birthday`, `photo_id`, `created_at`, `hometown`) VALUES ('50', 'm', '2008-04-01', '53', '2009-05-03 16:54:21', 'Rathland');
INSERT INTO `profiles` (`user_id`, `gender`, `birthday`, `photo_id`, `created_at`, `hometown`) VALUES ('51', 'f', '2012-01-24', '18', '1990-10-12 09:33:29', 'South Marinaside');
INSERT INTO `profiles` (`user_id`, `gender`, `birthday`, `photo_id`, `created_at`, `hometown`) VALUES ('52', 'm', '2014-08-13', '79', '2015-07-27 02:14:59', 'North Olin');
INSERT INTO `profiles` (`user_id`, `gender`, `birthday`, `photo_id`, `created_at`, `hometown`) VALUES ('53', 'f', '1996-07-23', '62', '1993-05-26 07:59:35', 'Billyhaven');
INSERT INTO `profiles` (`user_id`, `gender`, `birthday`, `photo_id`, `created_at`, `hometown`) VALUES ('54', 'f', '2007-07-08', '81', '1979-06-10 20:29:44', 'Lowefort');
INSERT INTO `profiles` (`user_id`, `gender`, `birthday`, `photo_id`, `created_at`, `hometown`) VALUES ('55', 'm', '1985-06-28', '21', '2007-03-20 08:22:01', 'Lake Mireyamouth');
INSERT INTO `profiles` (`user_id`, `gender`, `birthday`, `photo_id`, `created_at`, `hometown`) VALUES ('56', 'f', '1992-01-23', '65', '1974-10-07 07:18:18', 'Hudsonburgh');
INSERT INTO `profiles` (`user_id`, `gender`, `birthday`, `photo_id`, `created_at`, `hometown`) VALUES ('57', 'm', '2013-06-06', '44', '2016-12-12 17:55:41', 'New Tressieland');
INSERT INTO `profiles` (`user_id`, `gender`, `birthday`, `photo_id`, `created_at`, `hometown`) VALUES ('58', 'f', '1990-01-22', '1', '2005-04-15 14:26:51', 'Hodkiewiczview');
INSERT INTO `profiles` (`user_id`, `gender`, `birthday`, `photo_id`, `created_at`, `hometown`) VALUES ('59', 'f', '1980-12-09', '44', '1987-02-10 17:41:29', 'Lake Orlando');
INSERT INTO `profiles` (`user_id`, `gender`, `birthday`, `photo_id`, `created_at`, `hometown`) VALUES ('60', 'm', '2002-11-16', '42', '1970-05-27 19:35:14', 'Lake Angeline');
INSERT INTO `profiles` (`user_id`, `gender`, `birthday`, `photo_id`, `created_at`, `hometown`) VALUES ('61', 'f', '1977-03-01', '88', '1995-06-19 10:55:08', 'Zboncakfurt');
INSERT INTO `profiles` (`user_id`, `gender`, `birthday`, `photo_id`, `created_at`, `hometown`) VALUES ('62', 'f', '1984-10-11', '47', '2020-01-08 06:04:32', 'Brettstad');
INSERT INTO `profiles` (`user_id`, `gender`, `birthday`, `photo_id`, `created_at`, `hometown`) VALUES ('63', 'm', '1999-07-28', '30', '1980-08-23 18:30:44', 'Schuppeside');
INSERT INTO `profiles` (`user_id`, `gender`, `birthday`, `photo_id`, `created_at`, `hometown`) VALUES ('64', 'm', '2011-10-02', '49', '1980-03-20 12:43:46', 'South Aliya');
INSERT INTO `profiles` (`user_id`, `gender`, `birthday`, `photo_id`, `created_at`, `hometown`) VALUES ('65', 'f', '1974-11-07', '70', '2003-03-11 21:13:06', 'Rowefurt');
INSERT INTO `profiles` (`user_id`, `gender`, `birthday`, `photo_id`, `created_at`, `hometown`) VALUES ('66', 'f', '1983-05-05', '86', '1996-02-24 23:07:26', 'Sebastianbury');
INSERT INTO `profiles` (`user_id`, `gender`, `birthday`, `photo_id`, `created_at`, `hometown`) VALUES ('67', 'm', '2004-12-15', '22', '2010-12-04 08:38:59', 'West Carsonhaven');
INSERT INTO `profiles` (`user_id`, `gender`, `birthday`, `photo_id`, `created_at`, `hometown`) VALUES ('68', 'f', '2008-10-31', '81', '2004-11-22 07:31:57', 'Reillymouth');
INSERT INTO `profiles` (`user_id`, `gender`, `birthday`, `photo_id`, `created_at`, `hometown`) VALUES ('69', 'f', '1999-04-26', '37', '2008-02-15 02:48:22', 'Mattton');
INSERT INTO `profiles` (`user_id`, `gender`, `birthday`, `photo_id`, `created_at`, `hometown`) VALUES ('70', 'm', '1971-06-29', '70', '1972-09-19 06:36:31', 'Adamsburgh');
INSERT INTO `profiles` (`user_id`, `gender`, `birthday`, `photo_id`, `created_at`, `hometown`) VALUES ('71', 'm', '2019-10-16', '57', '1990-01-19 01:51:34', 'Giuseppemouth');
INSERT INTO `profiles` (`user_id`, `gender`, `birthday`, `photo_id`, `created_at`, `hometown`) VALUES ('72', 'm', '1972-01-01', '67', '1983-02-06 19:04:46', 'Rogeliostad');
INSERT INTO `profiles` (`user_id`, `gender`, `birthday`, `photo_id`, `created_at`, `hometown`) VALUES ('73', 'm', '1994-07-29', '59', '1987-05-09 04:34:24', 'Beryltown');
INSERT INTO `profiles` (`user_id`, `gender`, `birthday`, `photo_id`, `created_at`, `hometown`) VALUES ('74', 'm', '2006-12-03', '9', '1983-12-10 10:41:37', 'Port Kevonmouth');
INSERT INTO `profiles` (`user_id`, `gender`, `birthday`, `photo_id`, `created_at`, `hometown`) VALUES ('75', 'm', '2014-10-06', '99', '2002-06-06 21:30:38', 'Sauerland');
INSERT INTO `profiles` (`user_id`, `gender`, `birthday`, `photo_id`, `created_at`, `hometown`) VALUES ('76', 'm', '2007-06-09', '74', '2000-04-26 02:00:09', 'Lake Alice');
INSERT INTO `profiles` (`user_id`, `gender`, `birthday`, `photo_id`, `created_at`, `hometown`) VALUES ('77', 'f', '1988-08-07', '2', '1983-03-06 07:59:36', 'North Shaniya');
INSERT INTO `profiles` (`user_id`, `gender`, `birthday`, `photo_id`, `created_at`, `hometown`) VALUES ('78', 'f', '1985-09-26', '87', '1972-09-26 16:49:38', 'Croninchester');
INSERT INTO `profiles` (`user_id`, `gender`, `birthday`, `photo_id`, `created_at`, `hometown`) VALUES ('79', 'm', '1972-03-26', '50', '2013-07-20 14:51:18', 'Port Edyth');
INSERT INTO `profiles` (`user_id`, `gender`, `birthday`, `photo_id`, `created_at`, `hometown`) VALUES ('80', 'm', '1986-12-09', '19', '2000-03-22 16:26:59', 'South Alberthaville');
INSERT INTO `profiles` (`user_id`, `gender`, `birthday`, `photo_id`, `created_at`, `hometown`) VALUES ('81', 'm', '2014-04-25', '23', '2000-03-26 01:54:54', 'Landenland');
INSERT INTO `profiles` (`user_id`, `gender`, `birthday`, `photo_id`, `created_at`, `hometown`) VALUES ('82', 'm', '2010-10-30', '17', '2010-04-04 14:45:32', 'Willmsport');
INSERT INTO `profiles` (`user_id`, `gender`, `birthday`, `photo_id`, `created_at`, `hometown`) VALUES ('83', 'm', '1999-11-29', '54', '2005-06-15 05:54:00', 'Quigleystad');
INSERT INTO `profiles` (`user_id`, `gender`, `birthday`, `photo_id`, `created_at`, `hometown`) VALUES ('84', 'm', '2009-01-01', '53', '1976-08-19 15:20:48', 'New Garnett');
INSERT INTO `profiles` (`user_id`, `gender`, `birthday`, `photo_id`, `created_at`, `hometown`) VALUES ('85', 'm', '2009-05-12', '26', '1991-05-11 04:23:21', 'Emardstad');
INSERT INTO `profiles` (`user_id`, `gender`, `birthday`, `photo_id`, `created_at`, `hometown`) VALUES ('86', 'm', '1972-01-20', '48', '1987-01-26 07:52:59', 'North Marlee');
INSERT INTO `profiles` (`user_id`, `gender`, `birthday`, `photo_id`, `created_at`, `hometown`) VALUES ('87', 'm', '1981-05-18', '57', '1977-04-05 18:44:44', 'Boganshire');
INSERT INTO `profiles` (`user_id`, `gender`, `birthday`, `photo_id`, `created_at`, `hometown`) VALUES ('88', 'm', '2013-08-17', '35', '2015-12-08 02:10:43', 'North Madeline');
INSERT INTO `profiles` (`user_id`, `gender`, `birthday`, `photo_id`, `created_at`, `hometown`) VALUES ('89', 'f', '1986-07-23', '95', '1981-06-26 05:26:27', 'New Santos');
INSERT INTO `profiles` (`user_id`, `gender`, `birthday`, `photo_id`, `created_at`, `hometown`) VALUES ('90', 'f', '1978-01-31', '96', '1999-07-03 05:15:34', 'North Nathan');
INSERT INTO `profiles` (`user_id`, `gender`, `birthday`, `photo_id`, `created_at`, `hometown`) VALUES ('91', 'm', '2007-03-07', '12', '2018-06-02 03:10:08', 'Zolamouth');
INSERT INTO `profiles` (`user_id`, `gender`, `birthday`, `photo_id`, `created_at`, `hometown`) VALUES ('92', 'm', '1986-10-26', '95', '2008-01-24 19:18:29', 'North Sylvan');
INSERT INTO `profiles` (`user_id`, `gender`, `birthday`, `photo_id`, `created_at`, `hometown`) VALUES ('93', 'm', '1990-05-31', '27', '2005-10-12 23:35:07', 'Jammieland');
INSERT INTO `profiles` (`user_id`, `gender`, `birthday`, `photo_id`, `created_at`, `hometown`) VALUES ('94', 'm', '2017-12-29', '51', '1985-12-03 00:04:20', 'Lake Karelle');
INSERT INTO `profiles` (`user_id`, `gender`, `birthday`, `photo_id`, `created_at`, `hometown`) VALUES ('95', 'f', '1990-01-15', '83', '1984-02-19 08:08:40', 'East Keonchester');
INSERT INTO `profiles` (`user_id`, `gender`, `birthday`, `photo_id`, `created_at`, `hometown`) VALUES ('96', 'm', '1982-03-31', '19', '1983-08-24 14:53:09', 'Feilborough');
INSERT INTO `profiles` (`user_id`, `gender`, `birthday`, `photo_id`, `created_at`, `hometown`) VALUES ('97', 'm', '1990-01-11', '8', '1977-07-19 09:57:18', 'West Darrickport');
INSERT INTO `profiles` (`user_id`, `gender`, `birthday`, `photo_id`, `created_at`, `hometown`) VALUES ('98', 'f', '1997-04-02', '38', '2006-06-20 22:52:31', 'Daughertymouth');
INSERT INTO `profiles` (`user_id`, `gender`, `birthday`, `photo_id`, `created_at`, `hometown`) VALUES ('99', 'f', '1983-12-30', '1', '2003-05-06 05:48:51', 'Swifttown');
INSERT INTO `profiles` (`user_id`, `gender`, `birthday`, `photo_id`, `created_at`, `hometown`) VALUES ('100', 'm', '2019-11-28', '7', '1971-01-29 18:28:26', 'Bruenland');


#
# TABLE STRUCTURE FOR: users
#

DROP TABLE IF EXISTS `users`;

CREATE TABLE `users` (
  `id` bigint(20) unsigned NOT NULL AUTO_INCREMENT,
  `firstname` varchar(100) COLLATE utf8mb4_unicode_ci DEFAULT NULL,
  `lastname` varchar(100) COLLATE utf8mb4_unicode_ci DEFAULT NULL COMMENT '',
  `email` varchar(100) COLLATE utf8mb4_unicode_ci DEFAULT NULL,
  `password_hash` varchar(100) COLLATE utf8mb4_unicode_ci DEFAULT NULL,
  `phone` bigint(20) DEFAULT NULL,
  `is_deleted` bit(1) DEFAULT b'0',
  PRIMARY KEY (`id`),
  UNIQUE KEY `email` (`email`),
  KEY `users_firstname_lastname_idx` (`firstname`,`lastname`)
) ENGINE=InnoDB AUTO_INCREMENT=101 DEFAULT CHARSET=utf8mb4 COLLATE=utf8mb4_unicode_ci;

INSERT INTO `users` (`id`, `firstname`, `lastname`, `email`, `password_hash`, `phone`, `is_deleted`) VALUES ('1', 'Beryl', 'Von', 'mclaughlin.loraine@example.org', '92ed56786b3f36a468c7ff7a6ef9a870731ce4d6', '80229104329', '0');
INSERT INTO `users` (`id`, `firstname`, `lastname`, `email`, `password_hash`, `phone`, `is_deleted`) VALUES ('2', 'Donato', 'Pagac', 'madelyn.satterfield@example.org', 'c03fd9270f49ccd3f0838fc2bee854aa86945278', '12646462875', '1');
INSERT INTO `users` (`id`, `firstname`, `lastname`, `email`, `password_hash`, `phone`, `is_deleted`) VALUES ('3', 'Quinton', 'Wolff', 'stephania42@example.com', 'fcb90f5b807d8037c3818569446476399b5ecefd', '54226380947', '0');
INSERT INTO `users` (`id`, `firstname`, `lastname`, `email`, `password_hash`, `phone`, `is_deleted`) VALUES ('4', 'Baylee', 'Spinka', 'upton.verna@example.net', '006758ee64b6f09b6197b8c93865ba1cb121e215', '1394733621', '0');
INSERT INTO `users` (`id`, `firstname`, `lastname`, `email`, `password_hash`, `phone`, `is_deleted`) VALUES ('5', 'Manuel', 'Frami', 'mcclure.elsie@example.org', 'f1b675b0e2961fb742f8d7ef98a61905a02f8d48', '67526703781', '0');
INSERT INTO `users` (`id`, `firstname`, `lastname`, `email`, `password_hash`, `phone`, `is_deleted`) VALUES ('6', 'Caesar', 'McLaughlin', 'maida73@example.com', 'e215b61b536d9ebf6fa400f09e4b037820f1d024', '84431557075', '0');
INSERT INTO `users` (`id`, `firstname`, `lastname`, `email`, `password_hash`, `phone`, `is_deleted`) VALUES ('7', 'Oswaldo', 'Pfeffer', 'lhilpert@example.org', '18af85216424621b9422b286324ae2c0df1629b7', '42534333617', '1');
INSERT INTO `users` (`id`, `firstname`, `lastname`, `email`, `password_hash`, `phone`, `is_deleted`) VALUES ('8', 'Beth', 'Hickle', 'rgreenholt@example.com', 'acd8633fb7c04aedde0f314d402a2706ce9b993d', '15657506946', '0');
INSERT INTO `users` (`id`, `firstname`, `lastname`, `email`, `password_hash`, `phone`, `is_deleted`) VALUES ('9', 'Danial', 'Moore', 'wmurazik@example.org', 'b3537a2dfa8e7c10921243fc1fea08b23478a083', '14479130899', '0');
INSERT INTO `users` (`id`, `firstname`, `lastname`, `email`, `password_hash`, `phone`, `is_deleted`) VALUES ('10', 'Akeem', 'Littel', 'elena35@example.com', 'fe388795f82db648959d67fcb328374b40304cf2', '18902895672', '0');
INSERT INTO `users` (`id`, `firstname`, `lastname`, `email`, `password_hash`, `phone`, `is_deleted`) VALUES ('11', 'Elmore', 'Terry', 'alena99@example.net', 'c47789dccf53b3e6ba40813c7e050d1a6f18886b', '30831577558', '1');
INSERT INTO `users` (`id`, `firstname`, `lastname`, `email`, `password_hash`, `phone`, `is_deleted`) VALUES ('12', 'Santiago', 'Bahringer', 'paucek.retta@example.org', 'bed67bce2130227f63e3d0b3f4a8d1c16591fb2d', '38015147678', '0');
INSERT INTO `users` (`id`, `firstname`, `lastname`, `email`, `password_hash`, `phone`, `is_deleted`) VALUES ('13', 'Leann', 'Mayer', 'levi13@example.com', 'c54ec9f0e0b184af041f6918e4d8328fe3d208e3', '28206134815', '0');
INSERT INTO `users` (`id`, `firstname`, `lastname`, `email`, `password_hash`, `phone`, `is_deleted`) VALUES ('14', 'Soledad', 'Price', 'winfield.yost@example.com', '4606e10c7ad6ac2dc818447069008bb5b006edd4', '9089459582', '1');
INSERT INTO `users` (`id`, `firstname`, `lastname`, `email`, `password_hash`, `phone`, `is_deleted`) VALUES ('15', 'Rita', 'Williamson', 'eveline.feeney@example.com', 'fff4b702f8a7490fedef7aedf7ddf1bdbd9238b7', '51864684007', '1');
INSERT INTO `users` (`id`, `firstname`, `lastname`, `email`, `password_hash`, `phone`, `is_deleted`) VALUES ('16', 'Tavares', 'Labadie', 'fahey.celine@example.org', '8805d101ebe6265167cd54245835c468eff20149', '5099153261', '1');
INSERT INTO `users` (`id`, `firstname`, `lastname`, `email`, `password_hash`, `phone`, `is_deleted`) VALUES ('17', 'Marcel', 'Jenkins', 'kunde.jacques@example.net', 'da9878b85e3013c94d1f077c6b0588845dcdbbb1', '935939508', '1');
INSERT INTO `users` (`id`, `firstname`, `lastname`, `email`, `password_hash`, `phone`, `is_deleted`) VALUES ('18', 'Angus', 'Roberts', 'ritchie.kaitlyn@example.org', 'abcad1cc728405381c21f58c2c3e51ecd2a7217d', '50435985156', '0');
INSERT INTO `users` (`id`, `firstname`, `lastname`, `email`, `password_hash`, `phone`, `is_deleted`) VALUES ('19', 'Juanita', 'Hahn', 'maggio.marcelina@example.com', '2b6d86ac567f9bb18385ad8483044abd6ca3abca', '26231836306', '1');
INSERT INTO `users` (`id`, `firstname`, `lastname`, `email`, `password_hash`, `phone`, `is_deleted`) VALUES ('20', 'Brayan', 'Mills', 'caden80@example.com', 'acaf44e5f20397a4099bf978693f7757d0e9d1e7', '20450054257', '0');
INSERT INTO `users` (`id`, `firstname`, `lastname`, `email`, `password_hash`, `phone`, `is_deleted`) VALUES ('21', 'Loyal', 'Koepp', 'branson69@example.com', 'ee76506135840b4f2c94caeec356b3ee4d1d550f', '57797804448', '1');
INSERT INTO `users` (`id`, `firstname`, `lastname`, `email`, `password_hash`, `phone`, `is_deleted`) VALUES ('22', 'Demario', 'Jacobi', 'anika.balistreri@example.com', 'e53391d894b455bd8903e47c9c515e6dbc1febe7', '37813332661', '1');
INSERT INTO `users` (`id`, `firstname`, `lastname`, `email`, `password_hash`, `phone`, `is_deleted`) VALUES ('23', 'Ross', 'Brown', 'ehuels@example.net', '3f0994cc155ed3c5f2a9abb9734c3bacdede5f9a', '79100218765', '0');
INSERT INTO `users` (`id`, `firstname`, `lastname`, `email`, `password_hash`, `phone`, `is_deleted`) VALUES ('24', 'Alexandrine', 'Wisozk', 'delfina.green@example.org', '00f8224dea78ffa758a4aa6c6518754c8792f5c1', '62772254097', '1');
INSERT INTO `users` (`id`, `firstname`, `lastname`, `email`, `password_hash`, `phone`, `is_deleted`) VALUES ('25', 'Leola', 'Hayes', 'jadyn92@example.org', 'ff3508bbeab76ef688906b9c501b1acd96c3a997', '59655220954', '1');
INSERT INTO `users` (`id`, `firstname`, `lastname`, `email`, `password_hash`, `phone`, `is_deleted`) VALUES ('26', 'Candice', 'Beahan', 'lroob@example.com', 'b6da75cc5c2c440cf5f481192b1e0a426b0115f2', '55365755389', '0');
INSERT INTO `users` (`id`, `firstname`, `lastname`, `email`, `password_hash`, `phone`, `is_deleted`) VALUES ('27', 'Celine', 'Bernier', 'heidi.rippin@example.net', '781fb41bbba7663aa712406b6f61b7df38c80ea7', '55056205113', '0');
INSERT INTO `users` (`id`, `firstname`, `lastname`, `email`, `password_hash`, `phone`, `is_deleted`) VALUES ('28', 'Melisa', 'Kovacek', 'santina70@example.org', 'de9dc8123379d7572125273f3895660b68f1086d', '82628658470', '1');
INSERT INTO `users` (`id`, `firstname`, `lastname`, `email`, `password_hash`, `phone`, `is_deleted`) VALUES ('29', 'Jaquelin', 'Hilpert', 'johnny30@example.net', '581eea6b8f3e1ba59de3631cd39847e1a1c870b6', '41507004378', '1');
INSERT INTO `users` (`id`, `firstname`, `lastname`, `email`, `password_hash`, `phone`, `is_deleted`) VALUES ('30', 'Marc', 'Casper', 'nmertz@example.net', '810ef56d0bda32c9a746a8cbe3421ddaf843fa30', '82034207049', '1');
INSERT INTO `users` (`id`, `firstname`, `lastname`, `email`, `password_hash`, `phone`, `is_deleted`) VALUES ('31', 'Adolf', 'Swaniawski', 'gutkowski.reta@example.com', 'ac77d9f0e6f20e0256cf46ae5c085bc117952659', '11556356097', '1');
INSERT INTO `users` (`id`, `firstname`, `lastname`, `email`, `password_hash`, `phone`, `is_deleted`) VALUES ('32', 'Cruz', 'Kunze', 'strosin.emil@example.org', '7dbf9170ba3e2a6efa57bed706edacde43da8c19', '15043026156', '1');
INSERT INTO `users` (`id`, `firstname`, `lastname`, `email`, `password_hash`, `phone`, `is_deleted`) VALUES ('33', 'Adah', 'Sawayn', 'oral29@example.com', '74d981e69162bbf42c3340c3164872181a9149ac', '18033355577', '0');
INSERT INTO `users` (`id`, `firstname`, `lastname`, `email`, `password_hash`, `phone`, `is_deleted`) VALUES ('34', 'Joannie', 'Corwin', 'thodkiewicz@example.com', 'f47a86c31520267666b346f4228cc423941e5b9d', '69737837196', '0');
INSERT INTO `users` (`id`, `firstname`, `lastname`, `email`, `password_hash`, `phone`, `is_deleted`) VALUES ('35', 'Kendrick', 'Rippin', 'daniel.denis@example.org', '8ddfd1fcb6d28c17355b253b2cc0bbc19497f2f9', '1883473410', '1');
INSERT INTO `users` (`id`, `firstname`, `lastname`, `email`, `password_hash`, `phone`, `is_deleted`) VALUES ('36', 'Cleveland', 'Borer', 'bergstrom.casper@example.org', 'c7a2b18c7dbd5e342f8ac5118953ba662d340bb7', '8818031577', '1');
INSERT INTO `users` (`id`, `firstname`, `lastname`, `email`, `password_hash`, `phone`, `is_deleted`) VALUES ('37', 'Jerad', 'Casper', 'wtoy@example.com', 'f2a322992644f7dda95f6ab54697d05e57839f48', '81409642670', '1');
INSERT INTO `users` (`id`, `firstname`, `lastname`, `email`, `password_hash`, `phone`, `is_deleted`) VALUES ('38', 'Asha', 'Will', 'carroll.brett@example.net', '7c95a947cdadcc6c7d3c3aab0133f39b2ed3ff2d', '78440490567', '0');
INSERT INTO `users` (`id`, `firstname`, `lastname`, `email`, `password_hash`, `phone`, `is_deleted`) VALUES ('39', 'Adela', 'Grimes', 'jada.langosh@example.org', 'c8c8578f825fec3a2eb74aefe26bde6824f9c84b', '71138611431', '1');
INSERT INTO `users` (`id`, `firstname`, `lastname`, `email`, `password_hash`, `phone`, `is_deleted`) VALUES ('40', 'Cleora', 'Kutch', 'ryley.considine@example.net', 'c1e9c117a7d4fd3c9cddb2489a992e9545da2023', '29804246556', '1');
INSERT INTO `users` (`id`, `firstname`, `lastname`, `email`, `password_hash`, `phone`, `is_deleted`) VALUES ('41', 'Haylee', 'Tillman', 'fborer@example.org', 'd7d7d43d80c8f7958add72ba085384ba0b1d069f', '46098636742', '0');
INSERT INTO `users` (`id`, `firstname`, `lastname`, `email`, `password_hash`, `phone`, `is_deleted`) VALUES ('42', 'Orie', 'Marks', 'cicero.jerde@example.org', 'ee77a37154192d2776cf8e0991492bfaf455acf7', '17688403319', '1');
INSERT INTO `users` (`id`, `firstname`, `lastname`, `email`, `password_hash`, `phone`, `is_deleted`) VALUES ('43', 'Shanie', 'Steuber', 'carmel.ebert@example.org', '994288995ac527b920c0c5a4b743a365b21aef38', '1722317077', '1');
INSERT INTO `users` (`id`, `firstname`, `lastname`, `email`, `password_hash`, `phone`, `is_deleted`) VALUES ('44', 'Destin', 'Mayert', 'ubogan@example.com', '36ea4d14f257faae67270dbafa78274eebe14347', '32924661722', '1');
INSERT INTO `users` (`id`, `firstname`, `lastname`, `email`, `password_hash`, `phone`, `is_deleted`) VALUES ('45', 'Carmel', 'Becker', 'hermiston.hilario@example.net', 'a53e9106b013bbae981c8291bb012c16a318a75f', '3243490852', '1');
INSERT INTO `users` (`id`, `firstname`, `lastname`, `email`, `password_hash`, `phone`, `is_deleted`) VALUES ('46', 'Haley', 'Ferry', 'robbie21@example.org', 'b064b86363748d57e3768f03432e885545371825', '38903237380', '0');
INSERT INTO `users` (`id`, `firstname`, `lastname`, `email`, `password_hash`, `phone`, `is_deleted`) VALUES ('47', 'Hunter', 'Lemke', 'sammie.hessel@example.org', 'e66399e843d0b57cd494dd6df00b0c63384abc80', '82908523884', '1');
INSERT INTO `users` (`id`, `firstname`, `lastname`, `email`, `password_hash`, `phone`, `is_deleted`) VALUES ('48', 'Deion', 'Keebler', 'sstamm@example.com', '45fab99871d8328fc0621f0bcdd69639a0bc6206', '25047814853', '1');
INSERT INTO `users` (`id`, `firstname`, `lastname`, `email`, `password_hash`, `phone`, `is_deleted`) VALUES ('49', 'Noble', 'Emmerich', 'cwunsch@example.com', 'e83c4fa560f527c9004861ea5b9e2c5489b153bd', '33030659802', '0');
INSERT INTO `users` (`id`, `firstname`, `lastname`, `email`, `password_hash`, `phone`, `is_deleted`) VALUES ('50', 'Otho', 'Lubowitz', 'muller.electa@example.org', 'bb539bce2e460e2c9e0d8c2f6ca07905d9ee8c6d', '21285330319', '1');
INSERT INTO `users` (`id`, `firstname`, `lastname`, `email`, `password_hash`, `phone`, `is_deleted`) VALUES ('51', 'Dillon', 'Murazik', 'roberto.windler@example.org', 'd5ccaddb190ca9cfa3455efdf874477c6e474601', '16828479863', '1');
INSERT INTO `users` (`id`, `firstname`, `lastname`, `email`, `password_hash`, `phone`, `is_deleted`) VALUES ('52', 'Marina', 'Cartwright', 'schaefer.amiya@example.org', '6e5363165ce22602390f5d113c31faa5cdd2253a', '33092129316', '0');
INSERT INTO `users` (`id`, `firstname`, `lastname`, `email`, `password_hash`, `phone`, `is_deleted`) VALUES ('53', 'Addie', 'Grimes', 'antonia.klein@example.net', '1feea8fdc982b5abf67c58f5bdfd3f2e138b59c3', '2562939736', '1');
INSERT INTO `users` (`id`, `firstname`, `lastname`, `email`, `password_hash`, `phone`, `is_deleted`) VALUES ('54', 'Rogelio', 'Fritsch', 'kschulist@example.com', '87d2596b495681965a561b674ac9b02bb5bcdcea', '41505575869', '0');
INSERT INTO `users` (`id`, `firstname`, `lastname`, `email`, `password_hash`, `phone`, `is_deleted`) VALUES ('55', 'Tess', 'Weber', 'garrett11@example.com', 'bd423afa481628595344806d590368d2c838d712', '3218554215', '1');
INSERT INTO `users` (`id`, `firstname`, `lastname`, `email`, `password_hash`, `phone`, `is_deleted`) VALUES ('56', 'Edyth', 'Bruen', 'grant.corene@example.org', '45a2db0311bc34ede1101a7e176530d18f705382', '19201251438', '0');
INSERT INTO `users` (`id`, `firstname`, `lastname`, `email`, `password_hash`, `phone`, `is_deleted`) VALUES ('57', 'Keven', 'Haley', 'emory.gibson@example.org', '631a05b61c3273907a3f22e4312b2bc4822b5e79', '41208114106', '0');
INSERT INTO `users` (`id`, `firstname`, `lastname`, `email`, `password_hash`, `phone`, `is_deleted`) VALUES ('58', 'Saul', 'Sporer', 'adams.heath@example.com', '3c92dfa525b73d8aa4ce0f2f6bebc65fa1932968', '70791278794', '1');
INSERT INTO `users` (`id`, `firstname`, `lastname`, `email`, `password_hash`, `phone`, `is_deleted`) VALUES ('59', 'Chaya', 'Armstrong', 'vsauer@example.com', 'f6953b9f311653ca3fe2b896812e86554491f65d', '50985844262', '0');
INSERT INTO `users` (`id`, `firstname`, `lastname`, `email`, `password_hash`, `phone`, `is_deleted`) VALUES ('60', 'Darrel', 'Armstrong', 'buster57@example.net', '99b8fd966e5231d05c603a841cdd58fd12e9214d', '57612641049', '1');
INSERT INTO `users` (`id`, `firstname`, `lastname`, `email`, `password_hash`, `phone`, `is_deleted`) VALUES ('61', 'Shaylee', 'Douglas', 'ignatius06@example.net', '8a12379cb4564f0828a1fcbcd1a20bc8f4290429', '63801303653', '0');
INSERT INTO `users` (`id`, `firstname`, `lastname`, `email`, `password_hash`, `phone`, `is_deleted`) VALUES ('62', 'Zoey', 'Koepp', 'tomasa62@example.com', 'b8d6273718ac2f30d1db1b030c23f5b4d9ce76c7', '6795747616', '0');
INSERT INTO `users` (`id`, `firstname`, `lastname`, `email`, `password_hash`, `phone`, `is_deleted`) VALUES ('63', 'Maia', 'Little', 'quinten.labadie@example.com', '8a3ad451a5c4f85a5a6836bcace2f195964cbed8', '53456238817', '1');
INSERT INTO `users` (`id`, `firstname`, `lastname`, `email`, `password_hash`, `phone`, `is_deleted`) VALUES ('64', 'Yvonne', 'Harvey', 'turner.christopher@example.net', '63a5acea8ab726dee204409df6f03b90d05d209b', '64519959521', '1');
INSERT INTO `users` (`id`, `firstname`, `lastname`, `email`, `password_hash`, `phone`, `is_deleted`) VALUES ('65', 'Lance', 'West', 'imani.reynolds@example.com', 'd541ea26a497c9568e3c63ab8e32d7afee33560d', '26875147118', '1');
INSERT INTO `users` (`id`, `firstname`, `lastname`, `email`, `password_hash`, `phone`, `is_deleted`) VALUES ('66', 'Derrick', 'Schuster', 'elizabeth87@example.org', '8acc6cea230bc6be6199531edb1d0392c5676677', '73789240798', '0');
INSERT INTO `users` (`id`, `firstname`, `lastname`, `email`, `password_hash`, `phone`, `is_deleted`) VALUES ('67', 'Herminia', 'Emmerich', 'pouros.mayra@example.com', 'e48cbd19672560f495b6f860331587544dfb8e0e', '42135934051', '1');
INSERT INTO `users` (`id`, `firstname`, `lastname`, `email`, `password_hash`, `phone`, `is_deleted`) VALUES ('68', 'Sonya', 'Spencer', 'margaretta89@example.com', 'a3e18b7803c11f4da0628f03e544c18a23dd6295', '84443641347', '0');
INSERT INTO `users` (`id`, `firstname`, `lastname`, `email`, `password_hash`, `phone`, `is_deleted`) VALUES ('69', 'Aliyah', 'Stark', 'o\'conner.kim@example.com', '33fad18277d605098945f3f18ce97b15752a3b85', '42560336062', '0');
INSERT INTO `users` (`id`, `firstname`, `lastname`, `email`, `password_hash`, `phone`, `is_deleted`) VALUES ('70', 'Devyn', 'Bradtke', 'lehner.providenci@example.net', 'a53c5535950d4b2ebebbda6ed14956db3c243fdd', '72123783750', '1');
INSERT INTO `users` (`id`, `firstname`, `lastname`, `email`, `password_hash`, `phone`, `is_deleted`) VALUES ('71', 'Brown', 'Tremblay', 'greenfelder.wilburn@example.com', '2b88d4efd6a1ce42bf6d23233e55b986bccd6e5b', '79353227929', '0');
INSERT INTO `users` (`id`, `firstname`, `lastname`, `email`, `password_hash`, `phone`, `is_deleted`) VALUES ('72', 'Emmie', 'Kerluke', 'hgoldner@example.org', 'dbd286b0d12e250ead5750e61d2375f3a95c35c3', '70407882695', '0');
INSERT INTO `users` (`id`, `firstname`, `lastname`, `email`, `password_hash`, `phone`, `is_deleted`) VALUES ('73', 'Lera', 'Stamm', 'axel.o\'hara@example.net', '47ca65bbf133d7a02c681c0f28dc05619f122c44', '29355824151', '1');
INSERT INTO `users` (`id`, `firstname`, `lastname`, `email`, `password_hash`, `phone`, `is_deleted`) VALUES ('74', 'Mario', 'Fay', 'fgusikowski@example.com', 'edc1d25ca97b8c04548b21e53b00ce86d7a980f4', '70894606838', '1');
INSERT INTO `users` (`id`, `firstname`, `lastname`, `email`, `password_hash`, `phone`, `is_deleted`) VALUES ('75', 'Tyrese', 'Leannon', 'murray.weston@example.com', 'a64e91a5888f6c0c7ab0cff40bf9e525f0b7039a', '19903118864', '1');
INSERT INTO `users` (`id`, `firstname`, `lastname`, `email`, `password_hash`, `phone`, `is_deleted`) VALUES ('76', 'Zetta', 'Cormier', 'johanna.swift@example.org', '696aefa0210f86bf0efd6bde82c0b55f2a1f2966', '36407852185', '0');
INSERT INTO `users` (`id`, `firstname`, `lastname`, `email`, `password_hash`, `phone`, `is_deleted`) VALUES ('77', 'Marcel', 'Murray', 'tdare@example.org', 'c070aea8e9eb8bad859ada8f168c1d2bd65b8012', '6967179793', '0');
INSERT INTO `users` (`id`, `firstname`, `lastname`, `email`, `password_hash`, `phone`, `is_deleted`) VALUES ('78', 'Melyna', 'Price', 'suzanne.mccullough@example.org', '3785167bb865cd2288ab2fa244610831e1869684', '13563946929', '1');
INSERT INTO `users` (`id`, `firstname`, `lastname`, `email`, `password_hash`, `phone`, `is_deleted`) VALUES ('79', 'Shanie', 'Hane', 'sbartell@example.net', '0db2115a5b8b16e894ecd1da72bd0822c42d9f21', '41923910705', '0');
INSERT INTO `users` (`id`, `firstname`, `lastname`, `email`, `password_hash`, `phone`, `is_deleted`) VALUES ('80', 'Althea', 'Cormier', 'bernhard.hayley@example.com', '7a6e7c979171a9a11bebe38cf66a9b830b12b518', '16987728398', '1');
INSERT INTO `users` (`id`, `firstname`, `lastname`, `email`, `password_hash`, `phone`, `is_deleted`) VALUES ('81', 'Lee', 'Howe', 'ivory.dickens@example.net', '634a2670c0ffaa0feb3899f221fa2f08dfc02cc3', '69573437078', '1');
INSERT INTO `users` (`id`, `firstname`, `lastname`, `email`, `password_hash`, `phone`, `is_deleted`) VALUES ('82', 'Joshuah', 'Renner', 'romaguera.eloisa@example.org', '4c32260135dce7f4b3c4938942f97cb6e838f583', '18441088800', '0');
INSERT INTO `users` (`id`, `firstname`, `lastname`, `email`, `password_hash`, `phone`, `is_deleted`) VALUES ('83', 'Fabian', 'Smitham', 'maribel.will@example.net', 'c7a84ffeaf24c1751faab5b2c479da9660ba7b54', '85976865557', '0');
INSERT INTO `users` (`id`, `firstname`, `lastname`, `email`, `password_hash`, `phone`, `is_deleted`) VALUES ('84', 'Dangelo', 'Ondricka', 'stanton.mariano@example.net', '4301ff4cae497926eb794da239fe8b0a33daa0e0', '24562068260', '0');
INSERT INTO `users` (`id`, `firstname`, `lastname`, `email`, `password_hash`, `phone`, `is_deleted`) VALUES ('85', 'Earline', 'Kiehn', 'bspinka@example.net', '816170fea6c648cc4dc6e6dfc897b91e3df179f9', '22732151957', '1');
INSERT INTO `users` (`id`, `firstname`, `lastname`, `email`, `password_hash`, `phone`, `is_deleted`) VALUES ('86', 'Elinor', 'Emmerich', 'kayden65@example.com', 'c7e68daa2cd6337f6052ec8ad6efb215e3031209', '56219450316', '0');
INSERT INTO `users` (`id`, `firstname`, `lastname`, `email`, `password_hash`, `phone`, `is_deleted`) VALUES ('87', 'Theron', 'Treutel', 'hauck.petra@example.com', '3ef5a799f324a0aba8b6e9258b9f9cf24fc811aa', '17621254249', '1');
INSERT INTO `users` (`id`, `firstname`, `lastname`, `email`, `password_hash`, `phone`, `is_deleted`) VALUES ('88', 'Kole', 'Hudson', 'shirley32@example.net', '584d94f943ec21ffe850abecd058603870d3babc', '55730504796', '1');
INSERT INTO `users` (`id`, `firstname`, `lastname`, `email`, `password_hash`, `phone`, `is_deleted`) VALUES ('89', 'Cayla', 'Hauck', 'boyle.henriette@example.net', 'cb76f706daa774ceaf622f81f0e052100bcdbe80', '85045940453', '1');
INSERT INTO `users` (`id`, `firstname`, `lastname`, `email`, `password_hash`, `phone`, `is_deleted`) VALUES ('90', 'Toby', 'Dare', 'smurazik@example.org', '73e8c37eaa6b09cd4ce426ca7494f1701b52e4dc', '53967302526', '1');
INSERT INTO `users` (`id`, `firstname`, `lastname`, `email`, `password_hash`, `phone`, `is_deleted`) VALUES ('91', 'Eugenia', 'Weimann', 'pearline.wolf@example.net', '164d0617f09b2f88b9892d1262b842fbf6bde1d8', '82447830186', '0');
INSERT INTO `users` (`id`, `firstname`, `lastname`, `email`, `password_hash`, `phone`, `is_deleted`) VALUES ('92', 'Ray', 'Pfeffer', 'trantow.edward@example.net', 'f094a95b05e47c9326738ef38afdc359732d896c', '73158652369', '0');
INSERT INTO `users` (`id`, `firstname`, `lastname`, `email`, `password_hash`, `phone`, `is_deleted`) VALUES ('93', 'Caleb', 'Mann', 'sibyl.pfannerstill@example.net', 'a5a49ecd9173c165e9b205e4288575ba10904841', '31934954159', '0');
INSERT INTO `users` (`id`, `firstname`, `lastname`, `email`, `password_hash`, `phone`, `is_deleted`) VALUES ('94', 'Cordell', 'Auer', 'dpowlowski@example.net', 'ea769e36d17921cc78f0ee0ec795ebca606c1edb', '79937853621', '1');
INSERT INTO `users` (`id`, `firstname`, `lastname`, `email`, `password_hash`, `phone`, `is_deleted`) VALUES ('95', 'Hattie', 'Renner', 'reuben.treutel@example.net', 'd914dbd28190233c7e3430510884a33ef45cc048', '52133679170', '1');
INSERT INTO `users` (`id`, `firstname`, `lastname`, `email`, `password_hash`, `phone`, `is_deleted`) VALUES ('96', 'Carole', 'Dibbert', 'qwhite@example.org', '1b11aec941580a9fcd2c5cfc3d6191e552a81b02', '52957587332', '0');
INSERT INTO `users` (`id`, `firstname`, `lastname`, `email`, `password_hash`, `phone`, `is_deleted`) VALUES ('97', 'Ariane', 'Prosacco', 'domenick37@example.com', '966b89931722278ba63580d3cdf48e22a24035d3', '21215932194', '0');
INSERT INTO `users` (`id`, `firstname`, `lastname`, `email`, `password_hash`, `phone`, `is_deleted`) VALUES ('98', 'Margarett', 'Thompson', 'kira54@example.com', '80898088824a8ef763d7278643d4a025efd3c80d', '87679512268', '0');
INSERT INTO `users` (`id`, `firstname`, `lastname`, `email`, `password_hash`, `phone`, `is_deleted`) VALUES ('99', 'Wayne', 'Stracke', 'jerde.norene@example.org', '745d888023329e060e472d5123a52376681cc6f8', '77742892034', '1');
INSERT INTO `users` (`id`, `firstname`, `lastname`, `email`, `password_hash`, `phone`, `is_deleted`) VALUES ('100', 'Joshua', 'Rau', 'roberts.denis@example.net', '3aaf655bc07e325310fdc0f371d9e54918026ca8', '7661309818', '1');


